ModelFullName,WTC,WTG,Designator,ManufacturerCode,AircraftDescription,EngineCount,EngineType
A-350-900 XWB,H,B,A359,AIRBUS,LandPlane,2,Jet
C-212,M,G,C212,AIRBUS,LandPlane,2,Turboprop/Turboshaft
A-300B2-200,H,C,A30B,AIRBUS,LandPlane,2,Jet
A-300B4-600,H,C,A306,AIRBUS,LandPlane,2,Jet
A-300ST Beluga,H,C,A3ST,AIRBUS,LandPlane,2,Jet
A-310,H,C,A310,AIRBUS,LandPlane,2,Jet
A-318,M,D,A318,AIRBUS,LandPlane,2,Jet
A-319,M,D,A319,AIRBUS,LandPlane,2,Jet
A-320,M,D,A320,AIRBUS,LandPlane,2,Jet
A-321,M,D,A321,AIRBUS,LandPlane,2,Jet
A-330-200,H,B,A332,AIRBUS,LandPlane,2,Jet
A-330-300,H,B,A333,AIRBUS,LandPlane,2,Jet
A-340-200,H,B,A342,AIRBUS,LandPlane,4,Jet
A-340-300,H,B,A343,AIRBUS,LandPlane,4,Jet
A-340-500,H,B,A345,AIRBUS,LandPlane,4,Jet
A-340-600,H,B,A346,AIRBUS,LandPlane,4,Jet
A-380-800,J,A,A388,AIRBUS,LandPlane,4,Jet
A-400M Grizzly,H,C,A400,AIRBUS,LandPlane,4,Turboprop/Turboshaft
A-350-1000 XWB,H,B,A35K,AIRBUS,LandPlane,2,Jet
C-295,M,F,C295,AIRBUS,LandPlane,2,Turboprop/Turboshaft
CN-235,M,G,CN35,AIRBUS,LandPlane,2,Turboprop/Turboshaft
E-Fan,L,G,EFAN,AIRBUS,LandPlane,2,Electric
A-330-900,H,B,A339,AIRBUS,LandPlane,2,Jet
A-319neo,M,D,A19N,AIRBUS,LandPlane,2,Jet
A-320neo,M,D,A20N,AIRBUS,LandPlane,2,Jet
A-321neo,M,D,A21N,AIRBUS,LandPlane,2,Jet
A-330-800,H,B,A338,AIRBUS,LandPlane,2,Jet
A-330-700 Beluga XL,H,B,A337,AIRBUS,LandPlane,2,Jet
A-220-100,M,D,BCS1,AIRBUS,LandPlane,2,Jet
A-220-300,M,D,BCS3,AIRBUS,LandPlane,2,Jet
C-16,M,G,EUFI,AIRBUS,LandPlane,2,Jet
787-10 Dreamliner,H,B,B78X,BOEING,LandPlane,2,Jet
75 Kaydet,L,G,ST75,BOEING,LandPlane,1,Piston
707-100,M,D,B701,BOEING,LandPlane,4,Jet
707-300,H,C,B703,BOEING,LandPlane,4,Jet
717-200,M,E,B712,BOEING,LandPlane,2,Jet
720,M,D,B720,BOEING,LandPlane,4,Jet
727-100,M,D,B721,BOEING,LandPlane,3,Jet
727-100RE Super 27,M,D,R721,BOEING,LandPlane,3,Jet
727-200,M,D,B722,BOEING,LandPlane,3,Jet
727-200RE Super 27,M,D,R722,BOEING,LandPlane,3,Jet
737-200,M,E,B732,BOEING,LandPlane,2,Jet
737-300,M,E,B733,BOEING,LandPlane,2,Jet
737-400,M,E,B734,BOEING,LandPlane,2,Jet
737-500,M,E,B735,BOEING,LandPlane,2,Jet
737-600,M,D,B736,BOEING,LandPlane,2,Jet
737-700,M,D,B737,BOEING,LandPlane,2,Jet
737-700 Wedgetail,M,D,E737,BOEING,LandPlane,2,Jet
737-800,M,D,B738,BOEING,LandPlane,2,Jet
737-900,M,D,B739,BOEING,LandPlane,2,Jet
747-100,H,B,B741,BOEING,LandPlane,4,Jet
747-200,H,B,B742,BOEING,LandPlane,4,Jet
747-300,H,B,B743,BOEING,LandPlane,4,Jet
747-400LCF Dreamlifter,H,B,BLCF,BOEING,LandPlane,4,Jet
747SP,H,B,B74S,BOEING,LandPlane,4,Jet
747SR,H,B,B74R,BOEING,LandPlane,4,Jet
757-200,M,D,B752,BOEING,LandPlane,2,Jet
757-300,M,D,B753,BOEING,LandPlane,2,Jet
767-200,H,C,B762,BOEING,LandPlane,2,Jet
767-300,H,C,B763,BOEING,LandPlane,2,Jet
767-400,H,C,B764,BOEING,LandPlane,2,Jet
777-200,H,B,B772,BOEING,LandPlane,2,Jet
777-200LR,H,B,B77L,BOEING,LandPlane,2,Jet
777-300,H,B,B773,BOEING,LandPlane,2,Jet
777-300ER,H,B,B77W,BOEING,LandPlane,2,Jet
787-8 Dreamliner,H,B,B788,BOEING,LandPlane,2,Jet
787-9 Dreamliner,H,B,B789,BOEING,LandPlane,2,Jet
AH-64 Longbow Apache,M,G,H64,BOEING,Helicopter,2,Turboprop/Turboshaft
AV-8 Harrier,M,G,HAR,BOEING,LandPlane,1,Jet
B-17 Flying Fortress,M,E,B17,BOEING,LandPlane,4,Piston
B-29 Superfortress,M,D,B29,BOEING,LandPlane,4,Piston
B-52 Stratofortress,H,B,B52,BOEING,LandPlane,8,Jet
C-17 Globemaster 3,H,C,C17,BOEING,LandPlane,4,Jet
C-97 Stratofreighter,M,D,C97,BOEING,LandPlane,4,Piston
C-135FR Stratotanker,H,C,K35R,BOEING,LandPlane,4,Jet
CH-47 Chinook,M,F,H47,BOEING,Helicopter,2,Turboprop/Turboshaft
Defender,L,G,H500,BOEING,Helicopter,1,Turboprop/Turboshaft
NC-135,H,C,C135,BOEING,LandPlane,4,Jet
TC-135,H,C,R135,BOEING,LandPlane,4,Jet
E-3A (CFM56) Sentry,H,C,E3CF,BOEING,LandPlane,4,Jet
E-3A (TF33) Sentry,H,C,E3TF,BOEING,LandPlane,4,Jet
E-6 Mercury,H,C,E6,BOEING,LandPlane,4,Jet
E-767,H,C,E767,BOEING,LandPlane,2,Jet
Eagle,M,F,F15,BOEING,LandPlane,2,Jet
Explorer,L,G,EXPL,BOEING,Helicopter,2,Turboprop/Turboshaft
Hornet,M,F,F18H,BOEING,LandPlane,2,Jet
Goshawk,L/M,G,HAWK,BOEING,LandPlane,1,Jet
KC-135E Stratotanker,H,C,K35E,BOEING,LandPlane,4,Jet
KE-3,H,C,KE3,BOEING,LandPlane,4,Jet
MD-10,H,C,DC10,BOEING,LandPlane,3,Jet
MD-11,H,C,MD11,BOEING,LandPlane,3,Jet
MD-81,M,D,MD81,BOEING,LandPlane,2,Jet
MD-82,M,D,MD82,BOEING,LandPlane,2,Jet
MD-83,M,D,MD83,BOEING,LandPlane,2,Jet
MD-87,M,D,MD87,BOEING,LandPlane,2,Jet
MD-88,M,D,MD88,BOEING,LandPlane,2,Jet
MD-90,M,D,MD90,BOEING,LandPlane,2,Jet
MD-520N,L,G,MD52,BOEING,Helicopter,1,Turboprop/Turboshaft
MD-600N,L,G,MD60,BOEING,Helicopter,1,Turboprop/Turboshaft
P-8 Poseidon,M,D,P8,BOEING,LandPlane,2,Jet
747-8,H,B,B748,BOEING,LandPlane,4,Jet
Growler,M,F,F18S,BOEING,LandPlane,2,Jet
777-8,H,B,B778,BOEING,LandPlane,2,Jet
777-9,H,B,B779,BOEING,LandPlane,2,Jet
737 MAX 7,M,D,B37M,BOEING,LandPlane,2,Jet
737 MAX 8,M,D,B38M,BOEING,LandPlane,2,Jet
737 MAX 9,M,D,B39M,BOEING,LandPlane,2,Jet
451 Scout,L,G,YL15,BOEING,LandPlane,1,Piston
747-400,H,B,B744,BOEING,LandPlane,4,Jet
40,L,G,BO40,BOEING,LandPlane,1,Piston
MQ-25 Stingray,M,Z,Q25,BOEING,LandPlane,1,Jet
T-7 Red Hawk,M,Z,BT7,BOEING,LandPlane,1,Jet
737-10,M,D,B3XM,BOEING,LandPlane,2,Jet
WC-135R,H,C,W135,BOEING,LandPlane,4,Jet
CL-600 Regional Jet  CRJ-1000,M,F,CRJX,BOMBARDIER,LandPlane,2,Jet
BD-100 Challenger 300,M,G,CL30,BOMBARDIER,LandPlane,2,Jet
BD-700 Global 5000,M,E,GL5T,BOMBARDIER,LandPlane,2,Jet
BD-700 Global Express,M,E,GLEX,BOMBARDIER,LandPlane,2,Jet
BD-100 Challenger 350,M,G,CL35,BOMBARDIER,LandPlane,2,Jet
CL-600 Challenger 650,M,F,CL60,BOMBARDIER,LandPlane,2,Jet
BD-700 Global 7000,M,E,GL7T,BOMBARDIER,LandPlane,2,Jet
CL-600  Regional Jet CRJ-550,M,F,CRJ7,BOMBARDIER,LandPlane,2,Jet
DHC-8-100 Dash 8,M,F,DH8A,BOMBARDIER,LandPlane,2,Turboprop/Turboshaft
DHC-8-200 Dash 8,M,F,DH8B,BOMBARDIER,LandPlane,2,Turboprop/Turboshaft
DHC-8-300 Dash 8,M,F,DH8C,BOMBARDIER,LandPlane,2,Turboprop/Turboshaft
DHC-8-400 Dash 8,M,E,DH8D,BOMBARDIER,LandPlane,2,Turboprop/Turboshaft
UD-14,M,E,CL2T,BOMBARDIER,Amphibian,2,Turboprop/Turboshaft
ERJ-170-100,M,F,E170,EMBRAER,LandPlane,2,Jet
175 (short wing),M,F,E75S,EMBRAER,LandPlane,2,Jet
175 (long wing),M,F,E75L,EMBRAER,LandPlane,2,Jet
EMB-505 Phenom 300,M,G,E55P,EMBRAER,LandPlane,2,Jet
ERJ-190 Lineage 1000,M,E,E190,EMBRAER,LandPlane,2,Jet
EMB-135BJ Legacy,M,F,E35L,EMBRAER,LandPlane,2,Jet
A-1,M,G,AMX,EMBRAER,LandPlane,1,Jet
A-27 Tucano,L,G,TUCA,EMBRAER,LandPlane,1,Turboprop/Turboshaft
A-29,L,G,E314,EMBRAER,LandPlane,1,Turboprop/Turboshaft
AT-26 Xavante,L,G,M326,EMBRAER,LandPlane,1,Jet
Bandeirante,L,G,E110,EMBRAER,LandPlane,2,Turboprop/Turboshaft
Brasilia,M,G,E120,EMBRAER,LandPlane,2,Turboprop/Turboshaft
C-99,M,F,E145,EMBRAER,LandPlane,2,Jet
Carioca,L,G,P28B,EMBRAER,LandPlane,1,Piston
Carioquinha,L,G,P28A,EMBRAER,LandPlane,1,Piston
Corisco,L,G,P28R,EMBRAER,LandPlane,1,Piston
Corisco 2,L,G,P28T,EMBRAER,LandPlane,1,Piston
EC-9 Xingu,L,G,E121,EMBRAER,LandPlane,2,Turboprop/Turboshaft
EMB-145XR,M,F,E45X,EMBRAER,LandPlane,2,Jet
EMB-200 Ipanema,L,G,IPAN,EMBRAER,LandPlane,1,Piston
EMB-545 Legacy 450,M,G,E545,EMBRAER,LandPlane,2,Jet
EMB-500 Phenom 100,L,G,E50P,EMBRAER,LandPlane,2,Jet
EMB-720 Minuano,L,G,PA32,EMBRAER,LandPlane,1,Piston
EMB-721 Sertanejo,L,G,P32R,EMBRAER,LandPlane,1,Piston
EMB-810 Seneca,L,G,PA34,EMBRAER,LandPlane,2,Piston
EMB-820 Navajo,L,G,PA31,EMBRAER,LandPlane,2,Piston
ERJ-135,M,F,E135,EMBRAER,LandPlane,2,Jet
Lance 2,L,G,P32T,EMBRAER,LandPlane,1,Piston
PA-25 Pawnee,L,G,PA25,EMBRAER,LandPlane,1,Piston
EMB-550 Legacy 500,M,F,E550,EMBRAER,LandPlane,2,Jet
EMB-711ST Corisco 2 Turbo,L,G,P28U,EMBRAER,LandPlane,1,Piston
195,M,E,E195,EMBRAER,LandPlane,2,Jet
ERJ-190-300,M,D,E290,EMBRAER,LandPlane,2,Jet
ERJ-190-400,M,D,E295,EMBRAER,LandPlane,2,Jet
ERJ-190-500,M,,E275,EMBRAER,LandPlane,2,Jet
KC-390,M,D,E390,EMBRAER,LandPlane,2,Jet
ATR-42-600,M,F,AT46,ATR,LandPlane,2,Turboprop/Turboshaft
ATR-72-201,M,F,AT72,ATR,LandPlane,2,Turboprop/Turboshaft
ATR-72-211,M,F,AT73,ATR,LandPlane,2,Turboprop/Turboshaft
ATR-72-500,M,F,AT75,ATR,LandPlane,2,Turboprop/Turboshaft
ATR-72-600,M,F,AT76,ATR,LandPlane,2,Turboprop/Turboshaft
ATR-42-300,M,F,AT43,ATR,LandPlane,2,Turboprop/Turboshaft
ATR-42-400,M,F,AT44,ATR,LandPlane,2,Turboprop/Turboshaft
ATR-42-500,M,F,AT45,ATR,LandPlane,2,Turboprop/Turboshaft
C-909,M,F,AJ27,COMAC,LandPlane,2,Jet
C-919,M,D,C919,COMAC,LandPlane,2,Jet
A-002,L,G,A002,IRKUT,Gyrocopter,1,Piston
MC-21-300,M,D,MC23,IRKUT,LandPlane,2,Jet
A6M Zero,L,G,ZERO,MITSUBISHI,LandPlane,1,Piston
Diamond,M,G,MU30,MITSUBISHI,LandPlane,2,Jet
F-1,M,G,F1,MITSUBISHI,LandPlane,2,Jet
F-2,M,F,F2,MITSUBISHI,LandPlane,1,Jet
F-4 Phantom 2,M,F,F4,MITSUBISHI,LandPlane,2,Jet
F-86 Sabre,M,G,F86,MITSUBISHI,LandPlane,1,Jet
HSS-2,M,G,S61,MITSUBISHI,Helicopter,2,Turboprop/Turboshaft
LR-1,L,G,MU2,MITSUBISHI,LandPlane,2,Turboprop/Turboshaft
MH-2000,L,G,MH20,MITSUBISHI,Helicopter,2,Turboprop/Turboshaft
RP-1,L,G,RP1,MITSUBISHI,Helicopter,2,Turboprop/Turboshaft
S-70 Seahawk,M,G,H60,MITSUBISHI,Helicopter,2,Turboprop/Turboshaft
T-2,M,G,MT2,MITSUBISHI,LandPlane,2,Jet
YS-11,M,E,YS11,MITSUBISHI,LandPlane,2,Turboprop/Turboshaft
Berkut,M,F,S37,SUKHOI,LandPlane,2,Jet
J-11,M,F,SU27,SUKHOI,LandPlane,2,Jet
Scorpion,M,F,SU25,SUKHOI,LandPlane,2,Jet
Su-7,M,G,SU7,SUKHOI,LandPlane,1,Jet
Su-17,M,F,SU17,SUKHOI,LandPlane,1,Jet
Su-24,M,F,SU24,SUKHOI,LandPlane,2,Jet
Su-26,L,G,SU26,SUKHOI,LandPlane,1,Piston
Su-29,L,G,SU29,SUKHOI,LandPlane,1,Piston
Su-31,L,G,SU31,SUKHOI,LandPlane,1,Piston
Su-38,L,G,SU38,SUKHOI,LandPlane,1,Piston
Su-80,M,G,SU80,SUKHOI,LandPlane,2,Turboprop/Turboshaft
Superjet 100-95,M,E,SU95,SUKHOI,LandPlane,2,Jet
T-50,M,,SU57,SUKHOI,LandPlane,2,Jet
A-50,H,C,A50,ILYUSHIN,LandPlane,4,Jet
Bizon,M,D,IL18,ILYUSHIN,LandPlane,4,Turboprop/Turboshaft
Gajaraj,H,C,IL76,ILYUSHIN,LandPlane,4,Jet
Il-14,M,G,IL14,ILYUSHIN,LandPlane,2,Piston
Il-28,M,F,IL28,ILYUSHIN,LandPlane,2,Jet
Il-38,M,D,IL38,ILYUSHIN,LandPlane,4,Turboprop/Turboshaft
Il-62,H,C,IL62,ILYUSHIN,LandPlane,4,Jet
Il-86,H,C,IL86,ILYUSHIN,LandPlane,4,Jet
Il-96,H,B,IL96,ILYUSHIN,LandPlane,4,Jet
Il-103,L,G,I103,ILYUSHIN,LandPlane,1,Piston
Il-114,M,E,I114,ILYUSHIN,LandPlane,2,Turboprop/Turboshaft
Il-112,M,,I112,ILYUSHIN,LandPlane,2,Turboprop/Turboshaft
Tu-16,M,D,TU16,TUPOLEV,LandPlane,2,Jet
Tu-20,H,C,TU95,TUPOLEV,LandPlane,4,Turboprop/Turboshaft
Tu-22,M,D,TU22,TUPOLEV,LandPlane,2,Jet
Tu-22M,M,D,T22M,TUPOLEV,LandPlane,2,Jet
Tu-134,M,E,T134,TUPOLEV,LandPlane,2,Jet
Tu-154,M,D,T154,TUPOLEV,LandPlane,3,Jet
Tu-160,H,B,T160,TUPOLEV,LandPlane,4,Jet
Tu-204,M,D,T204,TUPOLEV,LandPlane,2,Jet
Tu-334,M,E,T334,TUPOLEV,LandPlane,2,Jet
An-158,M,,A158,ANTONOV,LandPlane,2,Jet
An-2,L,G,AN2,ANTONOV,LandPlane,1,Piston
An-3,L,G,AN3,ANTONOV,LandPlane,1,Turboprop/Turboshaft
An-8,M,D,AN8,ANTONOV,LandPlane,2,Turboprop/Turboshaft
An-12,M,D,AN12,ANTONOV,LandPlane,4,Turboprop/Turboshaft
An-22 Antheus,H,B,AN22,ANTONOV,LandPlane,4,Turboprop/Turboshaft
An-24,M,E,AN24,ANTONOV,LandPlane,2,Turboprop/Turboshaft
An-26,M,E,AN26,ANTONOV,LandPlane,2,Turboprop/Turboshaft
An-28,L,G,AN28,ANTONOV,LandPlane,2,Turboprop/Turboshaft
An-30,M,E,AN30,ANTONOV,LandPlane,2,Turboprop/Turboshaft
An-32,M,E,AN32,ANTONOV,LandPlane,2,Turboprop/Turboshaft
An-38,M,G,AN38,ANTONOV,LandPlane,2,Turboprop/Turboshaft
An-70,M,D,AN70,ANTONOV,LandPlane,4,Turboprop/Turboshaft
An-72,M,E,AN72,ANTONOV,LandPlane,2,Jet
An-74-300,M,E,A743,ANTONOV,LandPlane,2,Jet
An-124 Ruslan,H,B,A124,ANTONOV,LandPlane,4,Jet
An-140,M,F,A140,ANTONOV,LandPlane,2,Turboprop/Turboshaft
An-148,M,E,A148,ANTONOV,LandPlane,2,Jet
An-178,M,E,A178,ANTONOV,LandPlane,2,Jet
525 Citation M2,L,G,C25M,CESSNA,LandPlane,2,Jet
350,L,G,COL3,CESSNA,LandPlane,1,Piston
400,L,G,COL4,CESSNA,LandPlane,1,Piston
120,L,G,C120,CESSNA,LandPlane,1,Piston
140,L,G,C140,CESSNA,LandPlane,1,Piston
150,L,G,C150,CESSNA,LandPlane,1,Piston
152,L,G,C152,CESSNA,LandPlane,1,Piston
170,L,G,C170,CESSNA,LandPlane,1,Piston
172,L,G,C172,CESSNA,LandPlane,1,Piston
172RG Cutlass RG,L,G,C72R,CESSNA,LandPlane,1,Piston
175,L,G,C175,CESSNA,LandPlane,1,Piston
177,L,G,C177,CESSNA,LandPlane,1,Piston
177RG Cardinal RG,L,G,C77R,CESSNA,LandPlane,1,Piston
180,L,G,C180,CESSNA,LandPlane,1,Piston
162 Skycatcher,L,G,C162,CESSNA,LandPlane,1,Piston
182,L,G,C182,CESSNA,LandPlane,1,Piston
185 Skywagon,L,G,C185,CESSNA,LandPlane,1,Piston
188 AgPickup,L,G,C188,CESSNA,LandPlane,1,Piston
190,L,G,C190,CESSNA,LandPlane,1,Piston
195,L,G,C195,CESSNA,LandPlane,1,Piston
205,L,G,C205,CESSNA,LandPlane,1,Piston
206 (turbine),L,G,C06T,CESSNA,LandPlane,1,Turboprop/Turboshaft
206 Stationair,L,G,C206,CESSNA,LandPlane,1,Piston
207 (turbine),L,G,C07T,CESSNA,LandPlane,1,Turboprop/Turboshaft
207 Skywagon 207,L,G,C207,CESSNA,LandPlane,1,Piston
208 Caravan 1,L,G,C208,CESSNA,LandPlane,1,Turboprop/Turboshaft
210,L,G,C210,CESSNA,LandPlane,1,Piston
305 Bird Dog,L,G,O1,CESSNA,LandPlane,1,Piston
310,L,G,C310,CESSNA,LandPlane,2,Piston
318A,L,G,T37,CESSNA,LandPlane,2,Jet
318D Dragonfly,L,G,A37,CESSNA,LandPlane,2,Jet
320 Executive Skyknight,L,G,C320,CESSNA,LandPlane,2,Piston
335,L,G,C335,CESSNA,LandPlane,2,Piston
336 Skymaster,L,G,C336,CESSNA,LandPlane,2,Piston
337 Super Skymaster,L,G,C337,CESSNA,LandPlane,2,Piston
340,L,G,C340,CESSNA,LandPlane,2,Piston
401,L,G,C402,CESSNA,LandPlane,2,Piston
402 (turbine),L,G,C02T,CESSNA,LandPlane,2,Turboprop/Turboshaft
404 (turbine),L,G,C04T,CESSNA,LandPlane,2,Turboprop/Turboshaft
404 Titan,L,G,C404,CESSNA,LandPlane,2,Piston
411,L,G,C411,CESSNA,LandPlane,2,Piston
414,L,G,C414,CESSNA,LandPlane,2,Piston
414 (turbine),L,G,C14T,CESSNA,LandPlane,2,Turboprop/Turboshaft
421,L,G,C421,CESSNA,LandPlane,2,Piston
421 (turbine),L,G,C21T,CESSNA,LandPlane,2,Turboprop/Turboshaft
425 Conquest 1,L,G,C425,CESSNA,LandPlane,2,Turboprop/Turboshaft
441 Conquest,L,G,C441,CESSNA,LandPlane,2,Turboprop/Turboshaft
500 Citation,L,G,C500,CESSNA,LandPlane,2,Jet
501 Citation 1SP,L,G,C501,CESSNA,LandPlane,2,Jet
510 Citation Mustang,L,G,C510,CESSNA,LandPlane,2,Jet
525 Citation CJ1,L,G,C525,CESSNA,LandPlane,2,Jet
525A Citation CJ2,L,G,C25A,CESSNA,LandPlane,2,Jet
525B Citation CJ3,L,G,C25B,CESSNA,LandPlane,2,Jet
525C Citation CJ4,M,G,C25C,CESSNA,LandPlane,2,Jet
550 Citation 2,L,G,C550,CESSNA,LandPlane,2,Jet
551 Citation 2SP,L,G,C551,CESSNA,LandPlane,2,Jet
560 Citation 5,M,G,C560,CESSNA,LandPlane,2,Jet
550B Citation Bravo,L,G,C55B,CESSNA,LandPlane,2,Jet
560XL Citation Excel,M,G,C56X,CESSNA,LandPlane,2,Jet
650 Citation 3,M,G,C650,CESSNA,LandPlane,2,Jet
680 Citation Sovereign,M,G,C680,CESSNA,LandPlane,2,Jet
750 Citation 10,M,G,C750,CESSNA,LandPlane,2,Jet
Airmaster,L,G,CMAS,CESSNA,LandPlane,1,Piston
AT-8 Bobcat,L,G,T50,CESSNA,LandPlane,2,Piston
AW,L,G,CAW,CESSNA,LandPlane,1,Piston
Caravan 2,L,G,F406,CESSNA,LandPlane,2,Turboprop/Turboshaft
Crusader,L,G,C303,CESSNA,LandPlane,2,Piston
DC-6,L,G,CDC6,CESSNA,LandPlane,1,Piston
P210 (turbine),L,G,C10T,CESSNA,LandPlane,1,Turboprop/Turboshaft
P210 Pressurized Centurion,L,G,P210,CESSNA,LandPlane,1,Piston
P337 Pressurized Skymaster,L,G,P337,CESSNA,LandPlane,2,Piston
R182 Skylane RG,L,G,C82R,CESSNA,LandPlane,1,Piston
T206 Turbo Stationair,L,G,T206,CESSNA,LandPlane,1,Piston
Turbo Skylane,L,G,C82S,CESSNA,LandPlane,1,Piston
T210 Turbo Centurion,L,G,T210,CESSNA,LandPlane,1,Piston
Turbo Skylane RG,L,G,C82T,CESSNA,LandPlane,1,Piston
680A Citation Latitude,M,G,C68A,CESSNA,LandPlane,2,Jet
T240 Corvalis TTx,L,G,C240,CESSNA,LandPlane,1,Piston
E350,L,G,E350,CESSNA,LandPlane,1,Turboprop/Turboshaft
700 Citation Longitude,M,G,C700,CESSNA,LandPlane,2,Jet
E530 Scorpion,M,G,E530,CESSNA,LandPlane,2,Jet
408 SkyCourier,M,G,C408,CESSNA,LandPlane,2,Turboprop/Turboshaft
Bonanza 36,L,G,BE36,BEECH,LandPlane,1,Piston
17 Staggerwing,L,G,BE17,BEECH,LandPlane,1,Piston
18 (piston),L,G,BE18,BEECH,LandPlane,2,Piston
18 (turbine),L,G,B18T,BEECH,LandPlane,2,Turboprop/Turboshaft
19 Musketeer Sport,L,G,BE19,BEECH,LandPlane,1,Piston
23 Musketeer,L,G,BE23,BEECH,LandPlane,1,Piston
24 Musketeer Super,L,G,BE24,BEECH,LandPlane,1,Piston
33 Bonanza,L,G,BE33,BEECH,LandPlane,1,Piston
35 Bonanza,L,G,BE35,BEECH,LandPlane,1,Piston
36 Bonanza (turbine),L,G,B36T,BEECH,LandPlane,1,Turboprop/Turboshaft
45 Mentor,L,G,T34P,BEECH,LandPlane,1,Piston
50 Twin Bonanza,L,G,BE50,BEECH,LandPlane,2,Piston
55 Baron,L,G,BE55,BEECH,LandPlane,2,Piston
56 Turbo Baron,L,G,BE56,BEECH,LandPlane,2,Piston
58 Baron,L,G,BE58,BEECH,LandPlane,2,Piston
60 Duke,L,G,BE60,BEECH,LandPlane,2,Piston
65 Queen Air,L,G,BE65,BEECH,LandPlane,2,Piston
70 Queen Air,L,G,BE70,BEECH,LandPlane,2,Piston
76 Duchess,L,G,BE76,BEECH,LandPlane,2,Piston
77 Skipper,L,G,BE77,BEECH,LandPlane,1,Piston
80 Queen Air,L,G,BE80,BEECH,LandPlane,2,Piston
88 Queen Air,L,G,BE88,BEECH,LandPlane,2,Piston
90 (A90-1) Ute,L,G,U21,BEECH,LandPlane,2,Turboprop/Turboshaft
90 (A90) King Air,L,G,BE9L,BEECH,LandPlane,2,Turboprop/Turboshaft
90 (F90) King Air,L,G,BE9T,BEECH,LandPlane,2,Turboprop/Turboshaft
95 Travel Air,L,G,BE95,BEECH,LandPlane,2,Piston
99 Airliner,L,G,BE99,BEECH,LandPlane,2,Turboprop/Turboshaft
100 King Air,L,G,BE10,BEECH,LandPlane,2,Turboprop/Turboshaft
200 Super King Air,L/M,G,BE20,BEECH,LandPlane,2,Turboprop/Turboshaft
300 (B300) Super King Air 350,L/M,G,B350,BEECH,LandPlane,2,Turboprop/Turboshaft
300 Super King Air,L,G,BE30,BEECH,LandPlane,2,Turboprop/Turboshaft
400 Beechjet,M,G,BE40,BEECH,LandPlane,2,Jet
1074,L,G,U22,BEECH,LandPlane,1,Piston
1900,M,G,B190,BEECH,LandPlane,2,Turboprop/Turboshaft
2000 Starship,L,G,STAR,BEECH,LandPlane,2,Turboprop/Turboshaft
T-34C Turbo Mentor,L,G,T34T,BEECH,LandPlane,1,Turboprop/Turboshaft
60 Royal Turbine Duke,L,G,B60T,BEECH,LandPlane,2,Turboprop/Turboshaft
A36TC Bonanza,L,G,BT36,BEECH,LandPlane,1,Piston
58P Pressurized Baron,L,G,B58T,BEECH,LandPlane,2,Piston
Beechjet (400XT/400XPR),M,G,BE4W,BEECH,LandPlane,2,Jet
1150 Atlantic,M,D,ATLA,DASSAULT,LandPlane,2,Turboprop/Turboshaft
Etendard 4,M,G,ETAR,DASSAULT,LandPlane,1,Jet
F-103 Mirage 3,M,G,MIRA,DASSAULT,LandPlane,1,Jet
Falcon 7X,M,F,FA7X,DASSAULT,LandPlane,3,Jet
Falcon 10,M,G,FA10,DASSAULT,LandPlane,2,Jet
Falcon 20,M,G,FA20,DASSAULT,LandPlane,2,Jet
Falcon 50,M,G,FA50,DASSAULT,LandPlane,3,Jet
Falcon 900,M,F,F900,DASSAULT,LandPlane,3,Jet
Falcon 2000,M,G,F2TH,DASSAULT,LandPlane,2,Jet
Flamant,L,G,FLAM,DASSAULT,LandPlane,2,Piston
MD-454A Mystère 4A,M,G,MYS4,DASSAULT,LandPlane,1,Jet
Mirage 2000,M,G,MIR2,DASSAULT,LandPlane,1,Jet
Mirage F1,M,G,MRF1,DASSAULT,LandPlane,1,Jet
Rafale,M,F,RFAL,DASSAULT,LandPlane,2,Jet
Super Mystère B2,M,G,SMB2,DASSAULT,LandPlane,1,Jet
Falcon 8X,M,F,FA8X,DASSAULT,LandPlane,3,Jet
Falcon 6X,M,F,FA6X,DASSAULT,LandPlane,2,Jet
70,M,G,LJ70,LEARJET,LandPlane,2,Jet
75,M,G,LJ75,LEARJET,LandPlane,2,Jet
31,M,G,LJ31,LEARJET,LandPlane,2,Jet
35,M,G,LJ35,LEARJET,LandPlane,2,Jet
40,M,G,LJ40,LEARJET,LandPlane,2,Jet
45,M,G,LJ45,LEARJET,LandPlane,2,Jet
55,M,G,LJ55,LEARJET,LandPlane,2,Jet
60,M,G,LJ60,LEARJET,LandPlane,2,Jet
Albatross,L,G,P66P,PIAGGIO,LandPlane,2,Piston
Avanti,L,G,P180,PIAGGIO,LandPlane,2,Turboprop/Turboshaft
P-136,L,G,P136,PIAGGIO,Amphibian,2,Piston
P-148,L,G,P148,PIAGGIO,LandPlane,1,Piston
P-149,L,G,P149,PIAGGIO,LandPlane,1,Piston
P-166DL3,L,G,P66T,PIAGGIO,LandPlane,2,Turboprop/Turboshaft
P-1HH Hammerhead,L,,P1HH,PIAGGIO,LandPlane,2,Turboprop/Turboshaft
HA-420 HondaJet,L,G,HDJT,HONDA,LandPlane,2,Jet
Astra,L,G,PC7,PILATUS,LandPlane,1,Turboprop/Turboshaft
Chiricahua,L,G,PC6T,PILATUS,LandPlane,1,Turboprop/Turboshaft
Eagle,L,G,PC12,PILATUS,LandPlane,1,Turboprop/Turboshaft
Hudournik,L,G,PC9,PILATUS,LandPlane,1,Turboprop/Turboshaft
P-2,L,G,PP2,PILATUS,LandPlane,1,Piston
P-3,L,G,PP3,PILATUS,LandPlane,1,Piston
PC-6 Porter,L,G,PC6P,PILATUS,LandPlane,1,Piston
PC-21,L,G,PC21,PILATUS,LandPlane,1,Turboprop/Turboshaft
PC-24,M,G,PC24,PILATUS,LandPlane,2,Jet
Trinidad,L,G,TB20,SOCATA,LandPlane,1,Piston
Diplomate,L,G,ST10,SOCATA,LandPlane,1,Piston
Epsilon,L,G,TB30,SOCATA,LandPlane,1,Piston
Gabier,L,G,RALL,SOCATA,LandPlane,1,Piston
GY-80 Horizon,L,G,GY80,SOCATA,LandPlane,1,Piston
Omega,L,G,TB31,SOCATA,LandPlane,1,Turboprop/Turboshaft
Tampico,L,G,TAMP,SOCATA,LandPlane,1,Piston
Tangara,L,G,GA7,SOCATA,LandPlane,2,Piston
TB-10 Tobago,L,G,TOBA,SOCATA,LandPlane,1,Piston
TBM-850,L,G,TBM8,SOCATA,LandPlane,1,Turboprop/Turboshaft
TB-21 Trinidad TC,L,G,TB21,SOCATA,LandPlane,1,Piston
TBM-900,L,G,TBM9,SOCATA,LandPlane,1,Turboprop/Turboshaft
TBM-700A,L,G,TBM7,SOCATA,LandPlane,1,Turboprop/Turboshaft
PA-46R-350T Malibu Matrix,L,G,PA46,PIPER,LandPlane,1,Piston
PA-28R-201T Turbo Arrow 3,L,G,P28S,PIPER,LandPlane,1,Piston
108 Station Wagon,L,G,S108,PIPER,LandPlane,1,Piston
AE Cub Cruiser,L,G,J5,PIPER,LandPlane,1,Piston
Aerostar,L,G,AEST,PIPER,LandPlane,2,Piston
Apache,L,G,PA23,PIPER,LandPlane,2,Piston
Aztec,L,G,PA27,PIPER,LandPlane,2,Piston
Caribbean,L,G,PA22,PIPER,LandPlane,1,Piston
Cheyenne,L,G,PAY2,PIPER,LandPlane,2,Turboprop/Turboshaft
Cheyenne 1,L,G,PAY1,PIPER,LandPlane,2,Turboprop/Turboshaft
Cheyenne 3,L,G,PAY3,PIPER,LandPlane,2,Turboprop/Turboshaft
Cheyenne 400,L,G,PAY4,PIPER,LandPlane,2,Turboprop/Turboshaft
Clipper,L,G,PA16,PIPER,LandPlane,1,Piston
Comanche,L,G,PA24,PIPER,LandPlane,1,Piston
Cub (J-2),L,G,J2,PIPER,LandPlane,1,Piston
Cub (J-3/L-4/NE),L,G,J3,PIPER,LandPlane,1,Piston
Cub Coupe,L,G,J4,PIPER,LandPlane,1,Piston
Cub Special,L,G,PA11,PIPER,LandPlane,1,Piston
Family Cruiser,L,G,PA14,PIPER,LandPlane,1,Piston
L-18C Super Cub,L,G,PA18,PIPER,LandPlane,1,Piston
Malibu Meridian,L,G,P46T,PIPER,LandPlane,1,Turboprop/Turboshaft
PA-12 Super Cruiser,L,G,PA12,PIPER,LandPlane,1,Piston
PA-15 Vagabond,L,G,PA15,PIPER,LandPlane,1,Piston
PA-17 Vagabond,L,G,PA17,PIPER,LandPlane,1,Piston
PA-20 Pacer,L,G,PA20,PIPER,LandPlane,1,Piston
PA-28R-300 Pillán,L,G,PILL,PIPER,LandPlane,1,Piston
PA-30 Turbo Twin Comanche,L,G,PA30,PIPER,LandPlane,2,Piston
PA-31T3-500 T-1040,L,G,PAT4,PIPER,LandPlane,2,Turboprop/Turboshaft
PA-36 Pawnee Brave,L,G,PA36,PIPER,LandPlane,1,Piston
PA-38 Tomahawk,L,G,PA38,PIPER,LandPlane,1,Piston
PA-44 Seminole,L,G,PA44,PIPER,LandPlane,2,Piston
PiperSport,L,G,CRUZ,PIPER,LandPlane,1,Piston
PA-46-600TP M600,L,G,M600,PIPER,LandPlane,1,Turboprop/Turboshaft
PA-46-701TP M700 Fury,L,G,M700,PIPER,LandPlane,1,Turboprop/Turboshaft
Kodiak 100,L,G,K100,DAHER,LandPlane,1,Turboprop/Turboshaft
Kodiak 200,L,G,K900,DAHER,LandPlane,1,Turboprop/Turboshaft
Chipmunk,L,G,DHC1,DE HAVILLAND,LandPlane,1,Piston
Comet Replica,L,G,DH88,DE HAVILLAND,LandPlane,2,Piston
Devon,L,G,DOVE,DE HAVILLAND,LandPlane,2,Piston
DH-60 Moth,L,G,DH60,DE HAVILLAND,LandPlane,1,Piston
DH-80 Puss Moth,L,G,DH80,DE HAVILLAND,LandPlane,1,Piston
DH-82 Queen Bee,L,G,DH82,DE HAVILLAND,LandPlane,1,Piston
DH-83 Fox Moth,L,G,DH83,DE HAVILLAND,LandPlane,1,Piston
DH-85 Leopard Moth,L,G,DH85,DE HAVILLAND,LandPlane,1,Piston
DH-87 Hornet Moth,L,G,DH87,DE HAVILLAND,LandPlane,1,Piston
DH-89 Dragon Rapide,L,G,DH89,DE HAVILLAND,LandPlane,2,Piston
DH-90 Dragonfly,L,G,DH90,DE HAVILLAND,LandPlane,2,Piston
DH-94 Moth Minor,L,G,DH94,DE HAVILLAND,LandPlane,1,Piston
DH-98 Mosquito,M,G,MOSQ,DE HAVILLAND,LandPlane,2,Piston
DH-100 Vampire,L,G,VAMP,DE HAVILLAND,LandPlane,1,Jet
DH-112 Venom,M,G,VNOM,DE HAVILLAND,LandPlane,1,Jet
DH-114 Heron,L,G,HERN,DE HAVILLAND,LandPlane,4,Piston
DH-84 Dragon,L,G,DH84,DE HAVILLAND,LandPlane,2,Piston
29,M,G,SB29,SAAB,LandPlane,1,Jet
32 Lansen,M,G,SB32,SAAB,LandPlane,1,Jet
35 Draken,M,G,SB35,SAAB,LandPlane,1,Jet
37 Viggen,M,F,SB37,SAAB,LandPlane,1,Jet
39C Gripen C,M,G,SGCD,SAAB,LandPlane,1,Jet
91 Safir,L,G,SB91,SAAB,LandPlane,1,Piston
105,L,G,SB05,SAAB,LandPlane,2,Jet
340,M,F,SF34,SAAB,LandPlane,2,Turboprop/Turboshaft
2000,M,F,SB20,SAAB,LandPlane,2,Turboprop/Turboshaft
Gripen C,M,G,SB39,SAAB,LandPlane,1,Jet
MFI-15 Safari,L,G,MF17,SAAB,LandPlane,1,Piston
JAS39E Gripen E,M,,SGEF,SAAB,LandPlane,1,Jet
128-2 Skyservant,L,G,D28D,DORNIER,LandPlane,2,Piston
128-6 Turbo Skyservant,L,G,D28T,DORNIER,LandPlane,2,Turboprop/Turboshaft
228,L,G,D228,DORNIER,LandPlane,2,Turboprop/Turboshaft
328,M,G,D328,DORNIER,LandPlane,2,Turboprop/Turboshaft
Agur,L,G,DO28,DORNIER,LandPlane,2,Piston
Do-27,L,G,DO27,DORNIER,LandPlane,1,Piston
DoBü-131 Jungmann,L,G,BU31,DORNIER,LandPlane,1,Piston
DoBü-133 Jungmeister,L,G,BU33,DORNIER,LandPlane,1,Piston
UH-1,L,G,UH1,DORNIER,Helicopter,1,Turboprop/Turboshaft
S-Ray 007,L,G,SRAY,DORNIER,Amphibian,1,Piston
50,M,E,F50,FOKKER,LandPlane,2,Turboprop/Turboshaft
60,M,E,F60,FOKKER,LandPlane,2,Turboprop/Turboshaft
70,M,E,F70,FOKKER,LandPlane,2,Jet
100,M,E,F100,FOKKER,LandPlane,2,Jet
C-31 Friendship,M,E,F27,FOKKER,LandPlane,2,Turboprop/Turboshaft
D-7 Replica,L,G,D7,FOKKER,LandPlane,1,Piston
D-8 Replica,L,G,D8,FOKKER,LandPlane,1,Piston
Dr-1 Replica,L,G,DR1,FOKKER,LandPlane,1,Piston
F-16 Fighting Falcon,M,F,F16,FOKKER,LandPlane,1,Jet
F-28 Fellowship,M,F,F28,FOKKER,LandPlane,2,Jet
Instructor,L,G,S11,FOKKER,LandPlane,1,Piston
D-21 Replica,L,G,D21,FOKKER,LandPlane,1,Piston
F-7 Replica,L,G,F7,FOKKER,LandPlane,3,Piston
Avro RJ-70,M,F,RJ70,BAE SYSTEMS,LandPlane,4,Jet
Avro RJ-85,M,F,RJ85,BAE SYSTEMS,LandPlane,4,Jet
Avro RJ-100,M,F,RJ1H,BAE SYSTEMS,LandPlane,4,Jet
BAC-167 Strikemaster,L,G,STRK,BRITISH AEROSPACE,LandPlane,1,Jet
ATP,M,E,ATP,BRITISH AEROSPACE,LandPlane,2,Turboprop/Turboshaft
BAC-111 One-Eleven,M,E,BA11,BRITISH AEROSPACE,LandPlane,2,Jet
BAe-125-700,M,G,H25B,BRITISH AEROSPACE,LandPlane,2,Jet
BAe-125-1000,M,G,H25C,BRITISH AEROSPACE,LandPlane,2,Jet
BAe-146-100,M,F,B461,BRITISH AEROSPACE,LandPlane,4,Jet
BAe-146-200,M,F,B462,BRITISH AEROSPACE,LandPlane,4,Jet
BAe-146-300,M,F,B463,BRITISH AEROSPACE,LandPlane,4,Jet
BAe-748,M,E,A748,BRITISH AEROSPACE,LandPlane,2,Turboprop/Turboshaft
BAe-3100 Jetstream 31,L/M,G,JS31,BRITISH AEROSPACE,LandPlane,2,Turboprop/Turboshaft
BAe-3200 Jetstream Super 31,M,G,JS32,BRITISH AEROSPACE,LandPlane,2,Turboprop/Turboshaft
BAe-4100 Jetstream 41,M,G,JS41,BRITISH AEROSPACE,LandPlane,2,Turboprop/Turboshaft
Bulldog,L,G,BDOG,BRITISH AEROSPACE,LandPlane,1,Piston
Tornado,M,F,TOR,BRITISH AEROSPACE,LandPlane,2,Jet
Aero 45,L,G,AE45,LET,LandPlane,2,Piston
Blanik (single-engine conversions),L,G,L13M,LET,LandPlane,1,Piston
C-11,L,G,YK11,LET,LandPlane,1,Piston
Cmelák,L,G,Z37P,LET,LandPlane,1,Piston
L-200 Morava,L,G,L200,LET,LandPlane,2,Piston
L-410 Turbolet,L,G,L410,LET,LandPlane,2,Turboprop/Turboshaft
L-610,M,G,L610,LET,LandPlane,2,Turboprop/Turboshaft
H-160,L,G,H160,AIRBUS HELICOPTERS,Helicopter,2,Turboprop/Turboshaft
EC-665 Tiger,L,G,TIGR,AIRBUS HELICOPTERS,Helicopter,2,Turboprop/Turboshaft
AS-332L1 Super Puma,M,G,AS32,AIRBUS HELICOPTERS,Helicopter,2,Turboprop/Turboshaft
EC-725 Cougar Mk2+,M,G,EC25,AIRBUS HELICOPTERS,Helicopter,2,Turboprop/Turboshaft
AS-350 Ecureuil,L,G,AS50,AIRBUS HELICOPTERS,Helicopter,1,Turboprop/Turboshaft
AS-355 Ecureuil 2,L,G,AS55,AIRBUS HELICOPTERS,Helicopter,2,Turboprop/Turboshaft
EC-130,L,G,EC30,AIRBUS HELICOPTERS,Helicopter,1,Turboprop/Turboshaft
AS-365 Dauphin 2,L,G,AS65,AIRBUS HELICOPTERS,Helicopter,2,Turboprop/Turboshaft
EC-155,L,G,EC55,AIRBUS HELICOPTERS,Helicopter,2,Turboprop/Turboshaft
EC-135,L,G,EC35,AIRBUS HELICOPTERS,Helicopter,2,Turboprop/Turboshaft
EC-120 Colibri,L,G,EC20,AIRBUS HELICOPTERS,Helicopter,1,Turboprop/Turboshaft
47D,L,G,B47G,BELL,Helicopter,1,Piston
47J Ranger,L,G,B47J,BELL,Helicopter,1,Piston
206A JetRanger,L,G,B06,BELL,Helicopter,1,Turboprop/Turboshaft
206LT TwinRanger,L,G,B06T,BELL,Helicopter,2,Turboprop/Turboshaft
209 HueyCobra,L,G,HUCO,BELL,Helicopter,1,Turboprop/Turboshaft
209 SuperCobra,M,G,SUCO,BELL,Helicopter,2,Turboprop/Turboshaft
212,L,G,B212,BELL,Helicopter,2,Turboprop/Turboshaft
214A Isfahan,M,G,B214,BELL,Helicopter,1,Turboprop/Turboshaft
214ST SuperTransport,M,G,BSTP,BELL,Helicopter,2,Turboprop/Turboshaft
222,L,G,B222,BELL,Helicopter,2,Turboprop/Turboshaft
230,L,G,B230,BELL,Helicopter,2,Turboprop/Turboshaft
407,L,G,B407,BELL,Helicopter,1,Turboprop/Turboshaft
412,L,G,B412,BELL,Helicopter,2,Turboprop/Turboshaft
427,L,G,B427,BELL,Helicopter,2,Turboprop/Turboshaft
429 GlobalRanger,L,G,B429,BELL,Helicopter,2,Turboprop/Turboshaft
430,L,G,B430,BELL,Helicopter,2,Turboprop/Turboshaft
Airacobra,L,G,P39,BELL,LandPlane,1,Piston
Kingcobra,L,G,P63,BELL,LandPlane,1,Piston
UH-1Y,M,G,UH1Y,BELL,Helicopter,2,Turboprop/Turboshaft
525 Relentless,M,G,B525,BELL,Helicopter,2,Turboprop/Turboshaft
505 Jet Ranger X,L,G,B505,BELL,Helicopter,1,Turboprop/Turboshaft
V-280 Valor,M,,V280,BELL,Tiltrotor,2,Turboprop/Turboshaft
AW-189,M,G,A189,LEONARDO,Helicopter,2,Turboprop/Turboshaft
AW-139,L,G,A139,LEONARDO,Helicopter,2,Turboprop/Turboshaft
AW-149,M,G,A149,LEONARDO,Helicopter,2,Turboprop/Turboshaft
AW-169,L,G,A169,LEONARDO,Helicopter,2,Turboprop/Turboshaft
AW-119 Koala,L,G,A119,LEONARDO,Helicopter,1,Turboprop/Turboshaft
AW-101,M,G,EH10,LEONARDO,Helicopter,3,Turboprop/Turboshaft
AW-109 GrandNew,L,G,A109,LEONARDO,Helicopter,2,Turboprop/Turboshaft
AW-159 Lynx Wildcat,L,G,LYNX,LEONARDO,Helicopter,2,Turboprop/Turboshaft
M-345,L,G,M345,LEONARDO,LandPlane,1,Jet
Falco,L,G,FLCO,LEONARDO,LandPlane,1,Piston
A-129 Mangusta,L,G,A129,AGUSTA,Helicopter,2,Turboprop/Turboshaft
AS-61R,M,G,S61R,AGUSTA,Helicopter,2,Turboprop/Turboshaft
AW-609,M,G,B609,AGUSTAWESTLAND,Tiltrotor,2,Turboprop/Turboshaft
AUH-76,L,G,S76,SIKORSKY,Helicopter,2,Turboprop/Turboshaft
CH-19,L,G,S55P,SIKORSKY,Helicopter,1,Piston
CH-34 Chocktaw,L,G,S58P,SIKORSKY,Helicopter,1,Piston
CH-53A Sea Stallion,M,F,H53,SIKORSKY,Helicopter,2,Turboprop/Turboshaft
CH-53E Super Stallion,M,F,H53S,SIKORSKY,Helicopter,3,Turboprop/Turboshaft
CH-54 Tarhe,M,F,S64,SIKORSKY,Helicopter,2,Turboprop/Turboshaft
H-4 Hoverfly,L,G,R4,SIKORSKY,Helicopter,1,Piston
H-5,L,G,S51,SIKORSKY,Helicopter,1,Piston
Helibus,M,G,S92,SIKORSKY,Helicopter,2,Turboprop/Turboshaft
HH-52 Seaguard,L,G,S62,SIKORSKY,Helicopter,1,Turboprop/Turboshaft
HO5S,L,G,S52,SIKORSKY,Helicopter,1,Piston
S-38 Replica,L,G,S38,SIKORSKY,Amphibian,2,Piston
S-39,L,G,S39,SIKORSKY,Amphibian,1,Piston
S-55T,L,G,S55T,SIKORSKY,Helicopter,1,Turboprop/Turboshaft
S-58DT,L,G,S58T,SIKORSKY,Helicopter,1,Turboprop/Turboshaft
X-49 SpeedHawk,M,G,X49,SIKORSKY,Helicopter,2,Turboprop/Turboshaft
X-2,L,G,X2,SIKORSKY,Helicopter,1,Turboprop/Turboshaft
S-300,L,G,H269,SIKORSKY,Helicopter,1,Piston
S-333,L,G,S330,SIKORSKY,Helicopter,1,Turboprop/Turboshaft
S-434,L,G,S434,SIKORSKY,Helicopter,1,Turboprop/Turboshaft
S-97 Raider,L,G,S97,SIKORSKY,Helicopter,1,Turboprop/Turboshaft
S-100 Defiant,M,,SB1,SIKORSKY,Helicopter,2,Turboprop/Turboshaft
R-66,L,G,R66,ROBINSON,Helicopter,1,Turboprop/Turboshaft
Astro,L,G,R44,ROBINSON,Helicopter,1,Piston
Beta,L,G,R22,ROBINSON,Helicopter,1,Piston
Ansat,L,G,ANST,KAZAN,Helicopter,2,Turboprop/Turboshaft
Ansat 2RT,L,G,A2RT,KAZAN,Helicopter,2,Turboprop/Turboshaft
Mi-2,L,G,MI2,MIL,Helicopter,2,Turboprop/Turboshaft
Mi-4,L,G,MI4,MIL,Helicopter,1,Piston
Mi-6,M,D,MI6,MIL,Helicopter,2,Turboprop/Turboshaft
Mi-8,M,G,MI8,MIL,Helicopter,2,Turboprop/Turboshaft
Mi-10,M,D,MI10,MIL,Helicopter,2,Turboprop/Turboshaft
Mi-14,M,G,MI14,MIL,Helicopter,2,Turboprop/Turboshaft
Mi-24,M,G,MI24,MIL,Helicopter,2,Turboprop/Turboshaft
Mi-26,M,D,MI26,MIL,Helicopter,2,Turboprop/Turboshaft
Mi-28,M,G,MI28,MIL,Helicopter,2,Turboprop/Turboshaft
Mi-34,L,G,MI34,MIL,Helicopter,1,Piston
Mi-38,M,G,MI38,MIL,Helicopter,2,Turboprop/Turboshaft
Alligator,M,G,KA52,KAMOV,Helicopter,2,Turboprop/Turboshaft
Black Shark,M,G,KA50,KAMOV,Helicopter,2,Turboprop/Turboshaft
Ka-25,M,G,KA25,KAMOV,Helicopter,2,Turboprop/Turboshaft
Ka-26,L,G,KA26,KAMOV,Helicopter,2,Piston
Ka-27,M,G,KA27,KAMOV,Helicopter,2,Turboprop/Turboshaft
Ka-60 Kasatka,L,G,KA62,KAMOV,Helicopter,2,Turboprop/Turboshaft
Ka-126,L,G,K126,KAMOV,Helicopter,1,Turboprop/Turboshaft
Ka-226 Sergei,L,G,K226,KAMOV,Helicopter,2,Turboprop/Turboshaft
Super Galaxy,H,B,C5M,LOCKHEED,LandPlane,4,Jet
AP-3 Orion,M,E,P3,LOCKHEED,LandPlane,4,Turboprop/Turboshaft
AT-33,M,G,T33,LOCKHEED,LandPlane,1,Jet
Aya,M,D,C130,LOCKHEED,LandPlane,4,Turboprop/Turboshaft
B-34 Lexington,M,G,L37,LOCKHEED,LandPlane,2,Piston
C-40 Electra Junior,L,G,L12,LOCKHEED,LandPlane,2,Piston
C-56 Lodestar,M,G,L18,LOCKHEED,LandPlane,2,Piston
C-121 Constellation,M,D,CONI,LOCKHEED,LandPlane,4,Piston
Electra (L-10),L,G,L10,LOCKHEED,LandPlane,2,Piston
Electra (L-188),M,E,L188,LOCKHEED,LandPlane,4,Turboprop/Turboshaft
ER-2,M,G,U2,LOCKHEED,LandPlane,1,Jet
F-5 Lightning,M,G,P38,LOCKHEED,LandPlane,2,Piston
F-104 Starfighter,M,G,F104,LOCKHEED,LandPlane,1,Jet
Hudson,M,G,L14,LOCKHEED,LandPlane,2,Piston
Jetstar 2,M,F,L29B,LOCKHEED,LandPlane,4,Jet
Jetstar 6,M,F,L29A,LOCKHEED,LandPlane,4,Jet
L-394 Viking,M,F,S3,LOCKHEED,LandPlane,2,Jet
L-426 Neptune,M,E,P2,LOCKHEED,LandPlane,2,Piston
L-1011 TriStar,H,C,L101,LOCKHEED,LandPlane,3,Jet
LASA-60,L,G,LA60,LOCKHEED,LandPlane,1,Piston
YO-3,L,G,O3,LOCKHEED,LandPlane,1,Piston
F-117 Night Hawk,M,F,F117,LOCKHEED,LandPlane,2,Jet
F-22 Raptor,M,F,F22,LOCKHEED MARTIN,LandPlane,2,Jet
F-35A Lightning 2,M,F,F35,LOCKHEED MARTIN,LandPlane,1,Jet
F-35B Lightning 2,M,F,VF35,LOCKHEED MARTIN,LandPlane,1,Jet
382J Super Hercules,M,D,C30J,LOCKHEED MARTIN,LandPlane,4,Turboprop/Turboshaft
X-59 QueSST,M,,X59,LOCKHEED MARTIN,LandPlane,1,Jet
A-4 Skyhawk,M,G,A4,MCDONNELL DOUGLAS,LandPlane,1,Jet
C-9 Nightingale,M,E,DC93,MCDONNELL DOUGLAS,LandPlane,2,Jet
DC-8-60,H,C,DC86,MCDONNELL DOUGLAS,LandPlane,4,Jet
DC-8-70,H,C,DC87,MCDONNELL DOUGLAS,LandPlane,4,Jet
DC-9-10,M,F,DC91,MCDONNELL DOUGLAS,LandPlane,2,Jet
DC-9-20,M,E,DC92,MCDONNELL DOUGLAS,LandPlane,2,Jet
DC-9-40,M,E,DC94,MCDONNELL DOUGLAS,LandPlane,2,Jet
DC-9-50,M,E,DC95,MCDONNELL DOUGLAS,LandPlane,2,Jet
YC-15,M,D,C15,MCDONNELL DOUGLAS,LandPlane,4,Jet
AT-38 Talon,L,G,T38,NORTHROP,LandPlane,2,Jet
B-2 Spirit,H,C,B2,NORTHROP,LandPlane,4,Jet
Black Widow,M,G,P61,NORTHROP,LandPlane,2,Piston
F-5 Freedom Fighter,M,G,F5,NORTHROP,LandPlane,2,Jet
A-6 Intruder,M,F,A6,GRUMMAN,LandPlane,2,Jet
Academe,M,G,G159,GRUMMAN,LandPlane,2,Turboprop/Turboshaft
Ag-Cat,L,G,G164,GRUMMAN,LandPlane,1,Piston
Albatross,M,F,U16,GRUMMAN,Amphibian,2,Piston
AO-1 Mohawk,M,G,V1,GRUMMAN,LandPlane,2,Turboprop/Turboshaft
Avenger,M,G,TBM,GRUMMAN,LandPlane,1,Piston
Bearcat,L,G,BCAT,GRUMMAN,LandPlane,1,Piston
C-1 Trader,M,G,G96,GRUMMAN,LandPlane,2,Piston
C-2 Greyhound,M,F,C2,GRUMMAN,LandPlane,2,Turboprop/Turboshaft
C-20J Gulfstream 2SP,M,F,GLF2,GRUMMAN,LandPlane,2,Jet
Daya,M,F,E2,GRUMMAN,LandPlane,2,Turboprop/Turboshaft
F3F Replica,L,G,F3F,GRUMMAN,LandPlane,1,Piston
F4F Wildcat,L,G,WCAT,GRUMMAN,LandPlane,1,Piston
F6F Hellcat,L,G,HCAT,GRUMMAN,LandPlane,1,Piston
F7F Tigercat,M,G,TCAT,GRUMMAN,LandPlane,2,Piston
F9F Panther,M,G,F9F,GRUMMAN,LandPlane,1,Jet
F-14 Tomcat,M,F,F14,GRUMMAN,LandPlane,2,Jet
G-21A Goose,L,G,G21,GRUMMAN,Amphibian,2,Piston
G-44 Widgeon,L,G,G44,GRUMMAN,Amphibian,2,Piston
G-73 Mallard,L,G,G73,GRUMMAN,Amphibian,2,Piston
G-73T Turbo Mallard,L,G,G73T,GRUMMAN,Amphibian,2,Turboprop/Turboshaft
G-89 Tracker,M,G,S2P,GRUMMAN,LandPlane,2,Piston
G-164 Turbo Ag-Cat,L,G,G64T,GRUMMAN,LandPlane,1,Turboprop/Turboshaft
S-2 Turbo Tracker,M,G,S2T,GRUMMAN,LandPlane,2,Turboprop/Turboshaft
A-3 Skywarrior,M,F,A3,DOUGLAS,LandPlane,2,Jet
A-20 Havoc,M,G,A20,DOUGLAS,LandPlane,2,Piston
A-24 Banshee,L,G,SBD,DOUGLAS,LandPlane,1,Piston
A-26 Invader,M,F,B26,DOUGLAS,LandPlane,2,Piston
AC-47 Skytrain,M,G,DC3,DOUGLAS,LandPlane,2,Piston
AD Skyraider,M,G,A1,DOUGLAS,LandPlane,1,Piston
B-23 Dragon,M,G,B23,DOUGLAS,LandPlane,2,Piston
C-54 Skymaster,M,D,DC4,DOUGLAS,LandPlane,4,Piston
C-117D,M,G,DC3S,DOUGLAS,LandPlane,2,Piston
C-118 Liftmaster,M,D,DC6,DOUGLAS,LandPlane,4,Piston
DC-2,M,G,DC2,DOUGLAS,LandPlane,2,Piston
DC-3 (turbine),M,G,DC3T,DOUGLAS,LandPlane,2,Turboprop/Turboshaft
DC-7,M,D,DC7,DOUGLAS,LandPlane,4,Piston
28 Catalina,M,G,CAT,CONVAIR,Amphibian,2,Piston
B-24 Liberator,M,D,B24,CONVAIR,LandPlane,4,Piston
BT-13 Valiant,L,G,VALI,CONVAIR,LandPlane,1,Piston
C-131,M,E,CVLP,CONVAIR,LandPlane,2,Piston
C-131H,M,D,CVLT,CONVAIR,LandPlane,2,Turboprop/Turboshaft
L-13,L,G,L13,CONVAIR,LandPlane,1,Piston
P4Y Privateer,M,D,P4Y,CONVAIR,LandPlane,4,Piston
145 Jet Provost,L,G,JPRO,BAC,LandPlane,1,Jet
Canberra,M,F,CNBR,BAC,LandPlane,2,Jet
Lightning,M,F,LTNG,BAC,LandPlane,2,Jet
Alouette 2,L,G,ALO2,AEROSPATIALE,Helicopter,1,Turboprop/Turboshaft
Alouette 3,L,G,ALO3,AEROSPATIALE,Helicopter,1,Turboprop/Turboshaft
AS-332L2 Super Puma Mk2,M,G,AS3B,AEROSPATIALE,Helicopter,2,Turboprop/Turboshaft
CH-33 Puma,L,G,PUMA,AEROSPATIALE,Helicopter,2,Turboprop/Turboshaft
CM-170R Magister,L,G,FOUG,AEROSPATIALE,LandPlane,2,Jet
Corvette,L,G,S601,AEROSPATIALE,LandPlane,2,Jet
Dauphin,L,G,S360,AEROSPATIALE,Helicopter,1,Turboprop/Turboshaft
Dauphin 2 (SA-365C),L,G,S65C,AEROSPATIALE,Helicopter,2,Turboprop/Turboshaft
Frégate,M,G,N262,AEROSPATIALE,LandPlane,2,Turboprop/Turboshaft
Gazelle,L,G,GAZL,AEROSPATIALE,Helicopter,1,Turboprop/Turboshaft
Lama,L,G,LAMA,AEROSPATIALE,Helicopter,1,Turboprop/Turboshaft
SA-321 Super Frelon,M,G,FREL,AEROSPATIALE,Helicopter,3,Turboprop/Turboshaft
C-27A Spartan,M,E,G222,ALENIA,LandPlane,2,Turboprop/Turboshaft
C-27J Spartan,M,E,C27J,ALENIA,LandPlane,2,Turboprop/Turboshaft
C-101 Mirlo,L,G,C101,CASA,LandPlane,1,Jet
2-111,M,G,H111,CASA,LandPlane,2,Piston
223 Flamingo,L,G,S223,CASA,LandPlane,1,Piston
352L,M,G,JU52,CASA,LandPlane,3,Piston
BK-117,L,G,BK17,CASA,Helicopter,2,Turboprop/Turboshaft
BO-105,L,G,B105,CASA,Helicopter,2,Turboprop/Turboshaft
HA-220 Super Saeta,L,G,SATA,CASA,LandPlane,2,Jet
Canguro,L,G,F600,SIAI-MARCHETTI,LandPlane,2,Turboprop/Turboshaft
FN-333 Riviera,L,G,FN33,SIAI-MARCHETTI,Amphibian,1,Piston
S-205-18F,L,G,S05F,SIAI-MARCHETTI,LandPlane,1,Piston
S-205-18R,L,G,S05R,SIAI-MARCHETTI,LandPlane,1,Piston
S-208,L,G,S208,SIAI-MARCHETTI,LandPlane,1,Piston
S-211,L,G,S211,SIAI-MARCHETTI,LandPlane,1,Jet
SF-260,L,G,F260,SIAI-MARCHETTI,LandPlane,1,Piston
SM-1019,L,G,SM19,SIAI-MARCHETTI,LandPlane,1,Turboprop/Turboshaft
SF-260T,L,G,F26T,SIAI-MARCHETTI,LandPlane,1,Turboprop/Turboshaft
Dornier 328JET,,,J328,328 SUPPORT SERVICES,LandPlane,2,Jet
450 Ultra,,,UL45,3XTRIM,LandPlane,1,Piston
550 Trener,,,TR55,3XTRIM,LandPlane,1,Piston
Ellipse Spirit,,,ELSP,A2 CZ,LandPlane,1,Piston
VNS-41,,,CE22,A-41,Amphibian,2,Piston
SeaStar,,,PETR,AAC,Amphibian,1,Piston
Bushman,,,BMAN,AAK,LandPlane,1,Piston
Hornet,,,HRNT,AAK,LandPlane,1,Piston
Wasp,,,WSP,AAK,LandPlane,1,Piston
Flamingo,,,FMGO,AAK,LandPlane,1,Piston
A-9 Quail,,,A9,AAMSA,LandPlane,1,Piston
Jetcruzer,,,JCRU,AASI,LandPlane,1,Turboprop/Turboshaft
RF-9,,,RF9,ABS,LandPlane,1,Piston
Xenon,,,XNON,ABS AEROLIGHT,Gyrocopter,1,Piston
ACBA-8 Midour 2,,,MIDR,ACBA,LandPlane,1,Piston
Junior Ace,,,JACE,ACE,LandPlane,1,Piston
Super Ace,,,SACE,ACE,LandPlane,1,Piston
Cuby 2,,,CUB2,ACES HIGH,LandPlane,1,Piston
Acro-Sport 1,,,ACRO,ACRO SPORT,LandPlane,1,Piston
Acro-Sport 2,,,ACR2,ACRO SPORT,LandPlane,1,Piston
Cougar,,,COUG,ACRO SPORT,LandPlane,1,Piston
ACS-100 Sora,,,SORA,ACS (1),LandPlane,1,Piston
JA-600 Skyleader 600,,,J600,ACS (2),LandPlane,1,Piston
T-211,,,T211,AD AEROSPACE,LandPlane,1,Piston
LCA Tejas,,,LCA,ADA,LandPlane,1,Jet
RA-14 Loisirs,,,RA14,ADAM (1),LandPlane,1,Piston
RA-17,,,RA17,ADAM (1),LandPlane,1,Piston
A-500,,,A500,ADAM (2),LandPlane,2,Piston
A-700 AdamJet,,,A700,ADAM (2),LandPlane,2,Jet
Mallard,,,BUCA,ADVANCED AEROMARINE,Amphibian,1,Piston
Adventurer,,,ADVN,ADVENTURE AIR,Amphibian,1,Piston
Explorer 500T,,,EX5T,AEA,LandPlane,1,Turboprop/Turboshaft
Maverick,,,MAVR,AEA,LandPlane,1,Piston
AM-3,,,AM3,AERFER-AERMACCHI,LandPlane,1,Piston
M-290TP Redigo,,,L90,AERMACCHI,LandPlane,1,Turboprop/Turboshaft
MB-339,,,M339,AERMACCHI,LandPlane,1,Jet
AL-60 Turbine Grizzly,,,LA6T,AERMACCHI,LandPlane,1,Turboprop/Turboshaft
M-346 Master,,,M346,AERMACCHI,LandPlane,2,Jet
Commander 500,,,AC50,AERO (1),LandPlane,2,Piston
Commander 520,,,AC52,AERO (1),LandPlane,2,Piston
Commander 560,,,AC56,AERO (1),LandPlane,2,Piston
Commander 680 Super,,,AC68,AERO (1),LandPlane,2,Piston
Commander 720 Alti Cruiser,,,AC72,AERO (1),LandPlane,2,Piston
CS-102,,,MG15,AERO (2),LandPlane,1,Jet
L-29 Delfin,,,L29,AERO (2),LandPlane,1,Jet
L-39 Albatros,,,L39,AERO (2),LandPlane,1,Jet
L-59,,,L59,AERO (2),LandPlane,1,Jet
L-60 Brigadyr,,,L60,AERO (2),LandPlane,1,Piston
L-159,,,L159,AERO (2),LandPlane,1,Jet
Ae-270 Propjet,,,A270,AERO (2),LandPlane,1,Turboprop/Turboshaft
AT-4,,,AAT4,AERO (3),LandPlane,1,Piston
AT-3,,,AAT3,AERO (3),LandPlane,1,Piston
P-220-AT2,,,P220,AERO (3),LandPlane,1,Piston
Aventura 2,,,AVTR,AERO ADVENTURE,Amphibian,1,Piston
Toucan,,,ZEP2,AERO ADVENTURE,LandPlane,1,Piston
AB-95,,,AB95,AERO BOERO,LandPlane,1,Piston
AB-115,,,AB11,AERO BOERO,LandPlane,1,Piston
AB-150,,,AB15,AERO BOERO,LandPlane,1,Piston
AB-180,,,AB18,AERO BOERO,LandPlane,1,Piston
100 Commander 100,,,VO10,AERO COMMANDER,LandPlane,1,Piston
200 Commander 200,,,M200,AERO COMMANDER,LandPlane,1,Piston
680FL Grand Commander,,,AC6L,AERO COMMANDER,LandPlane,2,Piston
680T Turbo Commander,,,AC80,AERO COMMANDER,LandPlane,2,Turboprop/Turboshaft
1121 Jet Commander,,,JCOM,AERO COMMANDER,LandPlane,2,Jet
B-1 Ag Commander,,,CLB1,AERO COMMANDER,LandPlane,1,Piston
S-2 Ag Commander,,,SS2P,AERO COMMANDER,LandPlane,1,Piston
Pulsar,,,PULS,AERO DESIGNS,LandPlane,1,Piston
Sea Hawker,,,AGSH,AERO GARE,Amphibian,1,Piston
Petrel,,,PETL,AERO ITBA,LandPlane,1,Piston
RF-5 Serrania,,,RF5,AERO JAEN,LandPlane,1,Piston
Scub,,,SCUB,AERO KUHLMANN,LandPlane,1,Piston
358 Gavilan,,,GAVI,AERO MERCANTIL,LandPlane,1,Piston
TC-2,,,TC2,AERO MIRAGE,LandPlane,1,Piston
Guepard,,,GUEP,AERO SERVICES,LandPlane,1,Piston
Guêpe ,,,GEPE,AERO SERVICES,LandPlane,1,Piston
377SGT Super Guppy,,,SGUP,AERO SPACELINES,LandPlane,4,Turboprop/Turboshaft
Quasar Lite,,,QUAS,AEROALCOOL,LandPlane,1,Piston
MXP-800 Fantasy,,,MX80,AEROANDINA,LandPlane,1,Piston
MXP-1000 Tayrona,,,MX1T,AEROANDINA,LandPlane,1,Piston
MXP-158 Embera,,,MX58,AEROANDINA,LandPlane,1,Piston
MXP-100 Aventura,,,MX10,AEROANDINA,LandPlane,1,Piston
Okhotnik,,,OKHO,AERO-ASTRA,Gyrocopter,1,Piston
Bravo,,,CH70,AEROBRAVO,LandPlane,1,Piston
AeroCanard,,,COZY,AEROCAD,LandPlane,1,Piston
Aerocar,,,CAR,AEROCAR,LandPlane,1,Piston
Coot,,,COOT,AEROCAR,Amphibian,1,Piston
Mini-Imp,,,MIMP,AEROCAR,LandPlane,1,Piston
CA-3 Comp Air 3,,,CA3,AEROCOMP,LandPlane,1,Piston
CA-4 Comp Air 4,,,CA4,AEROCOMP,LandPlane,1,Piston
CA-6 Comp Air 6,,,CA6,AEROCOMP,LandPlane,1,Piston
CA-7P Comp Air 7P,,,CA7P,AEROCOMP,LandPlane,1,Piston
CA-7SLX Comp Air 7SLX,,,CA7T,AEROCOMP,LandPlane,1,Turboprop/Turboshaft
CA-8 Comp Air 8,,,CA8,AEROCOMP,LandPlane,1,Turboprop/Turboshaft
CA-10 Comp Air 10,,,CA1P,AEROCOMP,LandPlane,1,Piston
CA-10T  Comp Air 10T,,,CA1T,AEROCOMP,LandPlane,1,Turboprop/Turboshaft
E-Z Flyer,,,EZFL,AEROCOMP,LandPlane,1,Piston
Merlin,,,MAME,AEROCOMP,LandPlane,1,Piston
D-112 Popuplane,,,D11,AERO-DIFUSION,LandPlane,1,Piston
G-802 Orion,,,G800,AERODIS,LandPlane,1,Piston
JA-177 Evolution,,,J177,AERODYNOS,LandPlane,1,Piston
SILA-450,,,S450,AERO-EAST-EUROPE,LandPlane,1,Piston
01 Isatis,,,ISAT,AEROJAMES,LandPlane,1,Piston
AK-1,,,ZA6,AEROKOPTER,Helicopter,1,Piston
MP-02 Czajka,,,MP02,AERO-KROS,LandPlane,1,Piston
LoCamp,,,LOCA,AEROLAB,LandPlane,1,Piston
AeroSkiff,,,SKIF,AEROLITES,Amphibian,1,Piston
F-8L Falco,,,F8L,AEROMERE,LandPlane,1,Piston
AMT-100 Ximango,,,RF10,AEROMOT,LandPlane,1,Piston
AMT-600 Guri,,,GURI,AEROMOT,LandPlane,1,Piston
7AC Champion,,,CH7A,AERONCA,LandPlane,1,Piston
11 Chief,,,AR11,AERONCA,LandPlane,1,Piston
15 Sedan,,,AR15,AERONCA,LandPlane,1,Piston
K Scout,,,AERK,AERONCA,LandPlane,1,Piston
50 Chief,,,AR50,AERONCA,LandPlane,1,Piston
65 Super Chief,,,AR65,AERONCA,LandPlane,1,Piston
50 Tandem,,,AR5T,AERONCA,LandPlane,1,Piston
60 Tandem,,,AR6T,AERONCA,LandPlane,1,Piston
Airelle,,,AIRL,AERONIX,LandPlane,2,Piston
Legend,,,LGND,AEROPILOT,LandPlane,1,Piston
LAK-X,,,LAKX,AEROPLASTIKA,LandPlane,1,Piston
A-19,,,A19,AEROPRACT,LandPlane,1,Piston
A-21 Solo,,,A21,AEROPRACT,LandPlane,1,Piston
A-23 Dragon,,,A23,AEROPRACT,LandPlane,1,Piston
A-25 Breeze,,,A25,AEROPRACT,Amphibian,1,Piston
A-27,,,A27,AEROPRACT,LandPlane,1,Piston
A-33,,,A33,AEROPRACT,LandPlane,1,Piston
A-37,,,AA37,AEROPRACT,LandPlane,2,Piston
A-20,,,AP20,AEROPRAKT,LandPlane,1,Piston
A-22,,,AP22,AEROPRAKT,LandPlane,1,Piston
A-24 Viking,,,AP24,AEROPRAKT,Amphibian,1,Piston
A-26 Twin Vista,,,AP26,AEROPRAKT,LandPlane,2,Piston
A-28 Victor,,,AP28,AEROPRAKT,LandPlane,2,Piston
A-36 Vulcan,,,AP36,AEROPRAKT,LandPlane,2,Piston
A-32 Vixxen,,,AP32,AEROPRAKT,LandPlane,1,Piston
Eurofox,,,EFOX,AEROPRO,LandPlane,1,Piston
T-101 Grach,,,T101,AEROPROGRESS,LandPlane,1,Turboprop/Turboshaft
T-411 Aist-2,,,T411,AEROPROGRESS,LandPlane,1,Piston
Aeropup,,,APUP,AEROPUP,LandPlane,1,Piston
Dingo,,,DNGO,AERORIC,Amphibian,1,Turboprop/Turboshaft
UL-2000 Flamingo,,,UL2F,AEROS,LandPlane,1,Piston
Katran,,,KATR,AEROSAMARA,LandPlane,1,Piston
F-41 El'brus,,,F41E,AEROSAMARA,LandPlane,2,Piston
MH-46 Eclipse,,,MH46,AEROSETTE,LandPlane,1,Piston
WT-9 Dynamic,,,WT9,AEROSPOOL,LandPlane,1,Piston
WT-10 Advantic,,,WT10,AEROSPOOL,LandPlane,1,Piston
Quail,,,QAIL,AEROSPORT,LandPlane,1,Piston
Rail,,,RAIL,AEROSPORT,LandPlane,1,Piston
Scamp,,,SCAM,AEROSPORT,LandPlane,1,Piston
Woody Pusher,,,WOPU,AEROSPORT,LandPlane,1,Piston
90,,,M10,AEROSTAR (1),LandPlane,1,Piston
200,,,M20P,AEROSTAR (1),LandPlane,1,Piston
FJ-100,,,FJ10,AEROSTAR (1),LandPlane,2,Jet
01 Festival,,,FEST,AEROSTAR (2),LandPlane,1,Piston
Iak-52,,,YK52,AEROSTAR (2),LandPlane,1,Piston
MiG-21 Lancer,,,MG21,AEROSTAR (2),LandPlane,1,Jet
WT-01 Wild Thing,,,WILT,AEROSTAR (2),LandPlane,1,Piston
Breezer,,,BREZ,AEROSTYLE,LandPlane,1,Piston
A-122 Uirapuru,,,A122,AEROTEC (1),LandPlane,1,Piston
MXP-650 Amigo,,,MX65,AEROTEC (2),LandPlane,1,Piston
MXP-740 Savannah,,,SVNH,AEROTEC (2),LandPlane,1,Piston
L-13S Super Vivat,,,L13S,AEROTECHNIK,LandPlane,1,Piston
Pitts S-1 Special,,,PTS1,AEROTEK (1),LandPlane,1,Piston
Pitts S-2 Special,,,PTS2,AEROTEK (1),LandPlane,1,Piston
Turbo Grizzly,,,GRIZ,AEROTEK (2),LandPlane,1,Turboprop/Turboshaft
L-6,,,L6,AEROVOLGA,Amphibian,2,Piston
LA-8 Flagman,,,LA8,AEROVOLGA,Amphibian,2,Piston
Airtourer,,,TOUR,AESL,LandPlane,1,Piston
CT-4 Airtrainer,,,CT4,AESL,LandPlane,1,Piston
RSA-200 Falcon,,,OSCR,AFIC,LandPlane,1,Piston
SV-4,,,SV4,AIAA,LandPlane,1,Piston
T-5 Yung Yin,,,T5YY,AIDC,LandPlane,2,Jet
AT-3 Tzu-Chung,,,AT3,AIDC,LandPlane,2,Jet
F-CK-1 Ching-Kuo,,,CKUO,AIDC,LandPlane,2,Jet
Air Beetle,,,RV6,AIEP,LandPlane,1,Piston
AVA-303,,,M18,AII,LandPlane,1,Piston
Epic Dynasty,,,EPIC,AIR,LandPlane,1,Turboprop/Turboshaft
Epic Escape,,,ESCA,AIR,LandPlane,1,Turboprop/Turboshaft
18,,,UM18,AIR & SPACE,Gyrocopter,1,Piston
Twinstar,,,TSTR,AIR & SPACE,Gyrocopter,1,Piston
Commander 147,,,CMD1,AIR COMMAND,Gyrocopter,1,Piston
Commander  Elite Tandem ,,,CMDT,AIR COMMAND,Gyrocopter,1,Piston
Commander Elite Side-by-Side,,,CMDE,AIR COMMAND,Gyrocopter,1,Piston
Fletcher FU-24,,,FU24,AIR PARTS,LandPlane,1,Piston
F-1 Aircoupe,,,ERCO,AIR PRODUCTS,LandPlane,1,Piston
AT-300,,,AT3P,AIR TRACTOR,LandPlane,1,Piston
AT-302,,,AT3T,AIR TRACTOR,LandPlane,1,Turboprop/Turboshaft
AT-501,,,AT5P,AIR TRACTOR,LandPlane,1,Piston
AT-502,,,AT5T,AIR TRACTOR,LandPlane,1,Turboprop/Turboshaft
AT-602,,,AT6T,AIR TRACTOR,LandPlane,1,Turboprop/Turboshaft
AT-802,,,AT8T,AIR TRACTOR,LandPlane,1,Turboprop/Turboshaft
AT-250,,,AT2P,AIR TRACTOR,LandPlane,1,Piston
EC-175,,,EC75,AIRBUS HELICOPTERS-HARBIN,Helicopter,2,Turboprop/Turboshaft
H-145,,,EC45,AIRBUS HELICOPTERS-KAWASAKI,Helicopter,2,Turboprop/Turboshaft
VoWi-10 Airbuggy,,,VW10,AIRCONCEPT,LandPlane,1,Piston
Sportster Gyro,,,SPGY,AIRCRAFT DESIGNS,Gyrocopter,1,Piston
Stallion,,,STAL,AIRCRAFT DESIGNS,LandPlane,1,Piston
Turbine Stallion,,,STAT,AIRCRAFT DESIGNS,LandPlane,1,Turboprop/Turboshaft
Bushmaster 2000,,,BU20,AIRCRAFT HYDRO-FORMING,LandPlane,3,Piston
Baby Lakes,,,BLKS,AIRCRAFT SPRUCE,LandPlane,1,Piston
DR-107 One Design,,,RODS,AIRCRAFT SPRUCE,LandPlane,1,Piston
DR-109 Rhino,,,R109,AIRCRAFT SPRUCE,LandPlane,1,Piston
V-Witt,,,VWIT,AIRCRAFT SPRUCE,LandPlane,1,Piston
W-10 Tailwind,,,TAIL,AIRCRAFT SPRUCE,LandPlane,1,Piston
Acro 1,,,ATAC,AIRCRAFT TECHNOLOGIES,LandPlane,1,Piston
Atlantis,,,ATIS,AIRCRAFT TECHNOLOGIES,LandPlane,1,Piston
Avid Flyer,,,AVID,AIRDALE,LandPlane,1,Piston
Comet,,,SCOM,AIRDALE,LandPlane,1,Piston
Magnum,,,MAGN,AIRDALE,LandPlane,1,Piston
Sopwith Pup Replica,,,SPUP,AIRDROME AEROPLANES,LandPlane,1,Piston
Skylane,,,ALSL,AIRLONY,LandPlane,1,Piston
M-22 SeaMax,,,SMAX,AIRMAX,Amphibian,1,Piston
One,,,ONE,AIRNET,LandPlane,1,Piston
1,,,JFOX,AIRO,LandPlane,1,Piston
5,,,UF10,AIRO,LandPlane,1,Piston
Sling LSA,,,SLG2,AIRPLANE FACTORY,LandPlane,1,Piston
Sling 4 TSi,,,SLG4,AIRPLANE FACTORY,LandPlane,1,Piston
DHC-2-PZL3S Beaver,,,DHC2,AIRTECH (1),LandPlane,1,Piston
DHC-3-1000 Otter,,,DHC3,AIRTECH (1),LandPlane,1,Piston
I-11B Peque,,,I11B,AISA,LandPlane,1,Piston
I-115,,,I115,AISA,LandPlane,1,Piston
D-39,,,D39,AKAFLIEG DARMSTADT,LandPlane,1,Piston
Mü-23 Saurier,,,MU23,AKAFLIEG MUNCHEN,LandPlane,1,Piston
Mü-30 Schlacro,,,SCRO,AKAFLIEG MUNCHEN,LandPlane,1,Piston
Funk B,,,FNKB,AKRON,LandPlane,1,Piston
G-200,,,G200,AKROTECH,LandPlane,1,Piston
G-202,,,G202,AKROTECH,LandPlane,1,Piston
CAP-10,,,CP10,AKROTECH EUROPE,LandPlane,1,Piston
CAP-222,,,CP22,AKROTECH EUROPE,LandPlane,1,Piston
CAP-232,,,CP23,AKROTECH EUROPE,LandPlane,1,Piston
Moottori-Lerche,,,MLER,ALANNE,LandPlane,1,Piston
D-24 MagicONE,,,D24,ALBAVIATION,LandPlane,1,Piston
17 Super Viking,,,BL17,ALEXANDRIA,LandPlane,1,Piston
A-211,,,A211,ALFA-M,LandPlane,1,Piston
ADV-01 Papango,,,PAGO,ALMS,LandPlane,1,Piston
J-300 Joker,,,J300,ALMS,LandPlane,1,Piston
Callao,,,SAVG,ALMS,LandPlane,1,Piston
Choucas,,,CHCS,ALPAERO,LandPlane,1,Piston
RF-3,,,RF3,ALPAVIA,LandPlane,1,Piston
RF-4,,,RF4,ALPAVIA,LandPlane,1,Piston
J-5 Marco,,,JAJ5,ALPHA,LandPlane,1,Piston
R-2160 Alpha 160,,,R200,ALPHA AVIATION,LandPlane,1,Piston
Pioneer 400,,,PNR4,ALPI,LandPlane,1,Piston
AH-130 Syton,,,ES11,ALPI,Helicopter,1,Turboprop/Turboshaft
Pioneer 230,,,PNR2,ALPI,LandPlane,1,Piston
Pioneer 300,,,PNR3,ALPI,LandPlane,1,Piston
AVO-68 Samburo,,,AV68,ALPLA,LandPlane,1,Piston
AC-11,,,ALC1,ALTAIR COELHO,LandPlane,1,Piston
Radial Rocket,,,RARO,ALTITUDE,LandPlane,1,Piston
BD-5B Micro,,,BD5,ALTURAIR,LandPlane,1,Piston
BD-5J Micro,,,BD5J,ALTURAIR,LandPlane,1,Jet
Polliwagen,,,POLI,ALVAREZ,LandPlane,1,Piston
Double Eagle,,,DEAG,AMAX,Gyrocopter,1,Piston
J-6 Karatoo,,,KTOO,AMAX,LandPlane,1,Piston
Sport 1700,,,SPOR,AMAX,LandPlane,1,Piston
Vixen,,,VIXN,AMAX,LandPlane,1,Piston
F-4 Rondone,,,ROND,AMBROSINI,LandPlane,1,Piston
Texas Bullet 205,,,TB05,AMC,LandPlane,1,Piston
CH-601 Zodiac,,,CH60,AMD,LandPlane,1,Piston
CH-2000 Alarus,,,CH2T,AMD,LandPlane,1,Piston
CH-650 Zodiac,,,CH65,AMD,LandPlane,1,Piston
CH-750 Stol,,,CH75,AMD,LandPlane,1,Piston
AA-1 Tr2,,,AA1,AMERICAN,LandPlane,1,Piston
AA-5 Traveler,,,AA5,AMERICAN,LandPlane,1,Piston
Vision,,,VSON,AMERICAN AFFORDABLE,LandPlane,1,Piston
Falcon XP,,,FALC,AMERICAN AIRCRAFT,LandPlane,1,Piston
SparrowHawk,,,SPHA,AMERICAN AUTOGYRO,Gyrocopter,1,Piston
7GCAA Citabria Ultimate Adventure,,,CH7B,AMERICAN CHAMPION,LandPlane,1,Piston
8 Scout,,,BL8,AMERICAN CHAMPION,LandPlane,1,Piston
A-1,,,AEA1,AMERICAN EAGLE,LandPlane,1,Piston
John Doe,,,JDOE,AMERICAN HOMEBUILTS,LandPlane,1,Piston
Ultrasport 496,,,ULTS,AMERICAN SPORTSCOPTER,Helicopter,1,Piston
Altania,,,BLBU,AMEUR,LandPlane,1,Piston
Tauro,,,TARO,ANAHUAC,LandPlane,1,Piston
EA-1 Kingfisher,,,KFIS,ANDERSON,Amphibian,1,Piston
T-250 Aries,,,T250,ANDERSON-GREENWOOD,LandPlane,1,Piston
14,,,AG14,ANDERSON-GREENWOOD,LandPlane,1,Piston
BA-7,,,JUNR,ANDREASSON,LandPlane,1,Piston
44 Angel,,,ANGL,ANGEL,LandPlane,2,Piston
Space Walker 1,,,SWAK,ANGLIN,LandPlane,1,Piston
BN-2A Mk3 Trislander,,,TRIS,ANGLO NORMANDY,LandPlane,3,Piston
AT-1,,,AT1,ANTONIEWSKI,LandPlane,1,Piston
Alpha Jet,,,AJET,AOI,LandPlane,2,Jet
Dart GC,,,DRTG,APPLEGATE & WEYANT,LandPlane,1,Piston
A-210,,,A210,AQUILA,LandPlane,1,Piston
RF-47,,,RF47,ARC ATLANTIQUE,LandPlane,1,Piston
S-1 Arctic Tern,,,S1,ARCTIC,LandPlane,1,Piston
S-4 Privateer,,,S4,ARCTIC,LandPlane,1,Piston
LS-1 Lightning,,,ALIG,ARION,LandPlane,1,Piston
Meteor,,,METR,ARMSTRONG WHITWORTH,LandPlane,2,Jet
Sea Hawk,,,SHAW,ARMSTRONG WHITWORTH,LandPlane,1,Jet
Sabre 2,,,SAB2,ARNET PEREYRA,LandPlane,1,Piston
F Sport,,,ARWF,ARROW (1),LandPlane,1,Piston
Yarrow Arrow,,,YARR,ARROW (2),LandPlane,1,Piston
ARV-1 Super 2,,,ARV1,ARV,LandPlane,1,Piston
Beaver,,,BEVR,ASAP,LandPlane,1,Piston
Chinook,,,CHIN,ASAP,LandPlane,1,Piston
Asso 4 Whisky,,,ASO4,ASSO AEREI,LandPlane,1,Piston
Asso 10 Jewel,,,ASOX,ASSO AEREI,LandPlane,1,Piston
Asso 5 Champion,,,ASO5,ASSO AEREI,LandPlane,1,Piston
Liberty 181,,,L181,ASSOCIATED AIR,LandPlane,1,Piston
122 Zephyr,,,ZEPH,ATEC,LandPlane,1,Piston
321 Faeta,,,FAET,ATEC,LandPlane,1,Piston
Omsider,,,OMSD,ATEC,Amphibian,1,Piston
CSH-2 Rooivalk,,,RVAL,ATLAS,Helicopter,2,Turboprop/Turboshaft
Integral R,,,INTG,AURA AERO,LandPlane,1,Piston
B5,,,AUS9,AUSTER,LandPlane,1,Piston
D-4,,,D4,AUSTER,LandPlane,1,Piston
D-5,,,D5,AUSTER,LandPlane,1,Piston
D-6,,,D6,AUSTER,LandPlane,1,Piston
J,,,AUS5,AUSTER,LandPlane,1,Piston
J-1 Aiglet,,,J1,AUSTER,LandPlane,1,Piston
J-2 Arrow,,,AUJ2,AUSTER,LandPlane,1,Piston
J-4 Archer,,,AUJ4,AUSTER,LandPlane,1,Piston
J-5 Adventurer,,,ADVE,AUSTER,LandPlane,1,Piston
J-5B Autocar,,,ACAR,AUSTER,LandPlane,1,Piston
J-5F Aiglet Trainer,,,AIGT,AUSTER,LandPlane,1,Piston
J-5Q Alpine,,,ALPI,AUSTER,LandPlane,1,Piston
K,,,AUS6,AUSTER,LandPlane,1,Piston
Q,,,AUS7,AUSTER,LandPlane,1,Piston
Drifter,,,DRIF,AUSTFLIGHT,LandPlane,1,Piston
Ultrabat,,,UBAT,AUSTRALITE,LandPlane,1,Piston
MT-03,,,MT,AUTOGYRO,Gyrocopter,1,Piston
Calidus,,,CDUS,AUTOGYRO,Gyrocopter,1,Piston
Cavalon,,,CLON,AUTOGYRO,Gyrocopter,1,Piston
A-29,,,A29,AVANTAGE,LandPlane,1,Piston
A-31 Spectrum,,,A31,AVANTAGE,LandPlane,1,Piston
A-35 Scanner,,,A35,AVANTAGE,LandPlane,1,Piston
VL-3,,,VL3,AVEKO,LandPlane,1,Piston
L-3 Aviastarlet,,,FL3,AVIA (1),LandPlane,1,Piston
Accord,,,ACRD,AVIA (3),LandPlane,2,Piston
19 Skyrocket,,,BL19,AVIABELLANCA,LandPlane,1,Piston
KT-112 Yanhol,,,YNHL,AVIAIMPEX,Helicopter,2,Piston
Vega 3000,,,VG3T,AVIAKIT,LandPlane,1,Piston
F-14 Nibbio,,,NIBB,AVIAMILANO,LandPlane,1,Piston
P-19 Scricciolo,,,P19,AVIAMILANO,LandPlane,1,Piston
110 Special,,,M110,AVIAT,LandPlane,1,Piston
A-1 Husky,,,HUSK,AVIAT,LandPlane,1,Piston
Eagle,,,EAGL,AVIAT,LandPlane,1,Piston
S-1-11 Super Stinker,,,PTSS,AVIAT,LandPlane,1,Piston
MAI-890,,,A890,AVIATIKA,LandPlane,1,Piston
MAI-900 Acrobat,,,A900,AVIATIKA,LandPlane,1,Piston
MAI-910,,,A910,AVIATIKA,LandPlane,1,Piston
Aleks-251,,,A251,AVIATIK-ALYANS,Amphibian,2,Piston
Alaskan Bushmaster,,,ALBU,AVIATION DEVELOPMENT,LandPlane,1,Piston
Magnum,,,MGNM,AVIATION ENTERPRISES,LandPlane,1,Piston
ATL-98 Carvair,,,CARV,AVIATION TRADERS,LandPlane,4,Piston
Merkury,,,MERK,AVIATON,LandPlane,2,Piston
AC-311,,,AC31,AVICOPTER,Helicopter,1,Turboprop/Turboshaft
AC-313,,,AC33,AVICOPTER,Helicopter,3,Turboprop/Turboshaft
Avid Amphibian,,,AVAM,AVID,Amphibian,1,Piston
IAR-99 Soim,,,IR99,AVIOANE,LandPlane,1,Jet
F-1 Favorit,,,F1FV,AVION,LandPlane,1,Piston
BN-2A Defender,,,BN2P,AVIONS FAIREY,LandPlane,2,Piston
T-66 Nipper,,,NIPR,AVIONS FAIREY,LandPlane,1,Piston
Tipsy B,,,TIPB,AVIONS FAIREY,LandPlane,1,Piston
Tipsy Junior,,,TIJU,AVIONS FAIREY,LandPlane,1,Piston
SL-90 Leshii,,,SL90,AVIOTECHNICA,LandPlane,1,Piston
Bearhawk,,,BEAR,AVIPRO,LandPlane,1,Piston
Bearhawk Companion,,,BCMP,AVIPRO,LandPlane,1,Piston
Bearhawk Patrol,,,BPAT,AVIPRO,LandPlane,1,Piston
Bearhawk LSA,,,BLSA,AVIPRO,LandPlane,1,Piston
Bearhawk 5,,,BEA5,AVIPRO,LandPlane,1,Piston
504,,,A504,AVRO,LandPlane,1,Piston
594 Avian,,,AVIN,AVRO,LandPlane,1,Piston
621 Tutor,,,TUTR,AVRO,LandPlane,1,Piston
652 Anson,,,ANSN,AVRO,LandPlane,2,Piston
683 Lancaster,,,LANC,AVRO,LandPlane,4,Piston
696 Shackleton,,,SHAC,AVRO,LandPlane,4,Piston
S-2R-G Turbo Thrush,,,SS2T,AYRES,LandPlane,1,Turboprop/Turboshaft
S-2R-T660 Turbo Thrush,,,A660,AYRES,LandPlane,1,Turboprop/Turboshaft
Saberwing,,,SABW,AZALEA,LandPlane,1,Piston
FK-9,,,FK9,B & F TECHNIK,LandPlane,1,Piston
FK-12 Comet,,,FK12,B & F TECHNIK,LandPlane,1,Piston
FK-14 Polaris,,,FK14,B & F TECHNIK,LandPlane,1,Piston
Mackey SQ-2,,,MSQ2,BACKCOUNTRY,LandPlane,1,Piston
Duce,,,DUCE,BAKENG,LandPlane,1,Piston
Double Duce,,,DDUC,BAKENG,LandPlane,1,Piston
BRC-540,,,BR54,BARNETT,Gyrocopter,1,Piston
J4B2,,,J4B2,BARNETT,Gyrocopter,1,Piston
Bayraktar Kızılelma,,,KZLA,BAYKAR,LandPlane,1,Jet
Bayraktar Akıncı,,,AKNC,BAYKAR,LandPlane,2,Turboprop/Turboshaft
Bayraktar TB-2,,,BTB2,BAYKAR,LandPlane,1,Piston
Bayraktar TB-3	,,,BTB3,BAYKAR,LandPlane,1,Piston
Lightning,,,WH4,BAYLES,LandPlane,1,Turboprop/Turboshaft
Puma,,,BPUM,BDC AERO,LandPlane,1,Piston
BD-5T Micro,,,BD5T,BD-MICRO,LandPlane,1,Turboprop/Turboshaft
A-109 Airedale,,,AIRD,BEAGLE,LandPlane,1,Piston
B-121 Pup,,,PUP,BEAGLE,LandPlane,1,Piston
B-206,,,BASS,BEAGLE,LandPlane,2,Piston
E-3 Auster AOP11,,,AU11,BEAGLE-AUSTER,LandPlane,1,Piston
BD-4,,,BD4,BEDE,LandPlane,1,Piston
BD-10,,,BD10,BEDE,LandPlane,1,Jet
BD-17 Nuggett,,,BD17,BEDE,LandPlane,1,Piston
T-6 Texan 2,,,TEX2,BEECHCRAFT,LandPlane,1,Turboprop/Turboshaft
220 Denali,,,BE22,BEECHCRAFT,LandPlane,1,Turboprop/Turboshaft
60 Marquis,,,BS60,BEECH-SFERMA,LandPlane,2,Turboprop/Turboshaft
GB Special,,,GBSP,BEETS,LandPlane,1,Piston
AD-200,,,AD20,BEIJING KEYUAN,LandPlane,1,Piston
2000,,,TVLB,BEL-AIRE,LandPlane,1,Piston
CH-2A Chipper 2,,,CHP2,BELITE,LandPlane,1,Piston
14 Bellanca 260A,,,B14C,BELLANCA,LandPlane,1,Piston
14 Cruisair,,,B14A,BELLANCA,LandPlane,1,Piston
DW-1 Eagle,,,DW1,BELLANCA,LandPlane,1,Piston
CH-300 Pacemaker,,,PACE,BELLANCA,LandPlane,1,Piston
901 Osprey,,,V22,BELL-BOEING,Tiltrotor,2,Turboprop/Turboshaft
A-40 Albatross,,,BER4,BERIEV,Amphibian,2,Jet
Be-12 Tchaika,,,BE12,BERIEV,Amphibian,2,Turboprop/Turboshaft
Be-30,,,BE32,BERIEV,LandPlane,2,Turboprop/Turboshaft
Be-103 Bekas,,,B103,BERIEV,Amphibian,2,Piston
Be-200 Altair,,,BER2,BERIEV,Amphibian,2,Jet
SA-20,,,SA20,BERIEV,Amphibian,1,Piston
Berkut,,,BKUT,BERKUT,LandPlane,1,Piston
Sky Ranger,,,SKRA,BEST OFF,LandPlane,1,Piston
Nynja,,,NNJA,BEST OFF,LandPlane,1,Piston
LT-1 Swati,,,SWAT,BHARAT,LandPlane,1,Piston
Sky Cruiser,,,BISC,BILSAM,LandPlane,1,Piston
CP-301 Smaragd,,,CP30,BINDER,LandPlane,1,Piston
AeroTec 2150,,,MOR2,BISHOP,LandPlane,1,Piston
Swordfish,,,SWOR,BLACKBURN,LandPlane,1,Piston
Bk-100 Prime,,,PRIM,BLACKSHAPE,LandPlane,1,Piston
Bk-160 Gabriel,,,GABR,BLACKSHAPE,LandPlane,1,Piston
BW-600,,,BW60,BLACKWING,LandPlane,1,Piston
BW-635,,,BW6T,BLACKWING,LandPlane,1,Piston
11,,,BL11,BLERIOT,LandPlane,1,Piston
E-Z Harvard,,,EZHV,BLUE YONDER,LandPlane,1,Piston
E-Z King Cobra,,,EZKC,BLUE YONDER,LandPlane,1,Piston
Twin E-Z Flyer,,,EZFT,BLUE YONDER,LandPlane,2,Piston
MQ-28 Ghost Bat,,,Q28,BOEING AUSTRALIA,LandPlane,1,Jet
107,,,H46,BOEING VERTOL,Helicopter,2,Turboprop/Turboshaft
P-51 Mustang,,,MJ7,BOEVE,LandPlane,1,Piston
B-60 Mercurey,,,B60,BOISAVIA,LandPlane,1,Piston
BO-209 Monsun,,,B209,BOLKOW,LandPlane,1,Piston
F-207,,,KL07,BOLKOW,LandPlane,1,Piston
XB-1,,,XB1,BOOM,LandPlane,3,Jet
Kitty Hawk,,,KITH,BOURDON,LandPlane,1,Piston
Fly Baby 1A,,,FB1A,BOWERS,LandPlane,1,Piston
Fly Baby 1B,,,FB1B,BOWERS,LandPlane,1,Piston
BA-100 Aerobat,,,BBAT,BRADLEY,LandPlane,1,Piston
BX-2 Cherry,,,BX2,BRANDLI,LandPlane,1,Piston
305,,,B305,BRANTLY,Helicopter,1,Piston
B-2,,,BRB2,BRANTLY,Helicopter,1,Piston
HB-3,,,HB3,BRDITSCHKA,LandPlane,1,Piston
HB-21 Hobbylifter,,,HB21,BRDITSCHKA,LandPlane,1,Piston
HB-23 Hobbyliner,,,HB23,BRDITSCHKA,LandPlane,1,Piston
14 Replica,,,BR14,BREGUET,LandPlane,1,Piston
1050 Alizé,,,ALIZ,BREGUET,LandPlane,1,Turboprop/Turboshaft
149 Blenheim,,,BLEN,BRISTOL,LandPlane,2,Piston
171 Sycamore,,,SYCA,BRISTOL,Helicopter,1,Piston
F-2B Fighter,,,BFIT,BRISTOL,LandPlane,1,Piston
BN-2T Defender 4000,,,BN2T,BRITTEN-NORMAN,LandPlane,2,Turboprop/Turboshaft
NG-4,,,NG4,BRM AERO,LandPlane,1,Piston
Bristell NG-5,,,NG5,BRM AERO,LandPlane,1,Piston
Bristell B23,,,BR23,BRM AERO,LandPlane,1,Piston
Bristell B23 Energic,,,B23E,BRM AERO,LandPlane,1,Electric
Bristell B8,,,BR8,BRM AERO,LandPlane,1,Piston
MB-72,,,MB70,BROCHET,LandPlane,1,Piston
MB-80,,,MB80,BROCHET,LandPlane,1,Piston
OA-7 Optica Scout,,,OPCA,BROOKLANDS,LandPlane,1,Piston
Brumby,,,BR60,BRUMBY,LandPlane,1,Piston
610 Evolution,,,BR61,BRUMBY,LandPlane,1,Piston
BAC-204 Mosquito,,,OZZI,BUCHANAN,LandPlane,1,Piston
Bü-181 Bestmann,,,BU81,BUCKER,LandPlane,1,Piston
IAR-827 Dacic,,,IR27,BUCURESTI,LandPlane,1,Piston
Barracuda,,,BARC,BUETHE,LandPlane,1,Piston
CA-3 Sport Airsedan,,,BCA3,BUHL,LandPlane,1,Piston
Zùlù,,,ZULU,BUL,LandPlane,1,Piston
M-2 Mustang 2,,,MUS2,BUSHBY,LandPlane,1,Piston
MM-1 Midget Mustang,,,MIMU,BUSHBY,LandPlane,1,Piston
Golden Butterfly,,,GOBU,BUTTERFLY,Gyrocopter,1,Piston
Super Sky Cycle,,,SSC,BUTTERFLY,Gyrocopter,1,Piston
eFlyer 2,,,EF2,BYE AEROSPACE,LandPlane,1,Electric
CAP-20,,,CP20,CAARP,LandPlane,1,Piston
CP-1310 Super Emeraude,,,CP13,CAARP,LandPlane,1,Piston
GY-20 Minicab,,,GY20,CAB,LandPlane,1,Piston
GY-30 Supercab,,,GY30,CAB,LandPlane,1,Piston
423 Free Spirit,,,FREE,CABRINHA,LandPlane,1,Piston
Chanute,,,CHAN,CADCOR,LandPlane,1,Piston
Toxo,,,TOXO,CAG (1),LandPlane,1,Piston
AG-600 Kunlong,,,AG60,CAIGA,Amphibian,4,Turboprop/Turboshaft
AG-100,,,AG10,CAIGA,LandPlane,1,Piston
A-2,,,CLA,CALLAIR,LandPlane,1,Piston
636 Snobird Adventurer,,,SNAD,CALUMET,Gyrocopter,1,Piston
480 Twin Navion,,,TNAV,CAMAIR,LandPlane,2,Piston
P-51G Grand 51,,,GR51,CAMERON,LandPlane,1,Turboprop/Turboshaft
AN-4,,,CAN4,CAMPANA,LandPlane,1,Piston
Griffin,,,GRIF,CANADA AIR RV,LandPlane,1,Piston
CL-41 Tutor,,,CL41,CANADAIR,LandPlane,1,Jet
CL-44-O Guppy,,,CL4G,CANADAIR,LandPlane,4,Turboprop/Turboshaft
CL-215,,,CL2P,CANADAIR,Amphibian,2,Piston
CL-600 Challenger 800,,,CRJ2,CANADAIR,LandPlane,2,Jet
CL-600 Challenger 890,,,CRJ9,CANADAIR,LandPlane,2,Jet
CL-600 Regional Jet CRJ-100,,,CRJ1,CANADAIR,LandPlane,2,Jet
Baby Belle,,,BABY,CANADIAN HOME ROTORS,Helicopter,1,Piston
Capella,,,CAPL,CAPELLA,LandPlane,1,Piston
T-Raptor,,,TRAP,CAPELLA,LandPlane,1,Piston
C-22J Ventura,,,C22J,CAPRONI VIZZOLA,LandPlane,2,Jet
Sparrow 2,,,SPR2,CARLSON,LandPlane,1,Piston
PAV-4,,,PAV4,CARTER,Gyrocopter,1,Piston
Special,,,CASS,CASSUTT,LandPlane,1,Piston
LMK-1 Oryx,,,LMK1,CATA,LandPlane,1,Piston
C-270 Luciole,,,C270,CAUDRON,LandPlane,1,Piston
CR-760 Cyclone Replica,,,JN76,CAUDRON,LandPlane,1,Piston
G-3,,,CG3,CAUDRON,LandPlane,1,Piston
Norseman,,,NORS,CCF,LandPlane,1,Piston
T-6 Harvard,,,T6,CCF,LandPlane,1,Piston
CEA-309 Mehari,,,C309,CEA-UFMG,LandPlane,1,Piston
CEA-311 Anequim,,,C311,CEA-UFMG,LandPlane,1,Piston
CEA-306 CB-10 Triathlon,,,C306,CEA-UFMG,LandPlane,1,Piston
DR-100 Ambassadeur,,,DR10,CENTRE EST,LandPlane,1,Piston
DR-200,,,D250,CENTRE EST,LandPlane,1,Piston
DR-220 2+2,,,DR22,CENTRE EST,LandPlane,1,Piston
DR-253 Regent,,,D253,CENTRE EST,LandPlane,1,Piston
DR-315 Petit Prince,,,DR30,CENTRE EST,LandPlane,1,Piston
Jetstream 3,,,JS3,CENTURY,LandPlane,2,Turboprop/Turboshaft
CE-43 Guepard,,,CE43,CERVA,LandPlane,1,Piston
TA-20,,,DT45,CETC,LandPlane,1,Turboprop/Turboshaft
CA-42,,,DA42,CETC,LandPlane,2,Piston
DA-20,,,DV20,CETC,LandPlane,1,Piston
SA-2 Star Streak,,,STST,CFM,LandPlane,1,Piston
L-4,,,L4,CHAIKA,Amphibian,2,Piston
JRC-01 Julcar,,,JRC1,CHALARD,LandPlane,1,Piston
402 Lancer,,,CH40,CHAMPION,LandPlane,2,Piston
AU Corsair,,,CORS,CHANCE VOUGHT,LandPlane,1,Piston
F8 Crusader,,,F8,CHANCE VOUGHT,LandPlane,1,Jet
WZ-10,,,WZ10,CHANGHE,Helicopter,2,Turboprop/Turboshaft
LMC-1 Sprintair,,,LMC1,CHASLE,LandPlane,1,Piston
YC-12 Tourbillon,,,YC12,CHASLE,LandPlane,1,Piston
Sycamore,,,CHSY,CHAYAIR,Gyrocopter,1,Piston
F-10,,,J10,CHENGDU,LandPlane,1,Jet
FC-1 Xiaolong,,,FC1,CHENGDU,LandPlane,1,Jet
FT-5,,,MG17,CHENGDU,LandPlane,1,Jet
J-20,,,J20,CHENGDU,LandPlane,2,Jet
Che-15,,,CE15,CHERNOV,SeaPlane,1,Piston
Che-23,,,CE23,CHERNOV,Amphibian,1,Piston
Che-25,,,CE25,CHERNOV,Amphibian,2,Piston
Che-27,,,CE27,CHERNOV,Amphibian,2,Piston
DW-1,,,CDW1,CHILTON,LandPlane,1,Piston
Mini Coupe,,,MCOU,CHRIS TENA,LandPlane,1,Piston
CH-3 Super Ace,,,CH3,CHRISLEA,LandPlane,1,Piston
Synergy,,,SNGY,CIAC,LandPlane,1,Piston
CH-12,,,CH12,CICARE,Helicopter,1,Piston
CH-14 Aguilucho,,,CH14,CICARE,Helicopter,1,Turboprop/Turboshaft
Nieuport 12-7/8,,,CN12,CIRCA,LandPlane,1,Piston
SR-20,,,SR20,CIRRUS,LandPlane,1,Piston
SR-22,,,SR22,CIRRUS,LandPlane,1,Piston
SR-22T,,,S22T,CIRRUS,LandPlane,1,Piston
SJ-X Vision,,,SF50,CIRRUS,LandPlane,1,Jet
VK-30 Cirrus (turbine),,,VK3T,CIRRUS,LandPlane,1,Turboprop/Turboshaft
VK-30 Cirrus (piston),,,VK3P,CIRRUS,LandPlane,1,Piston
Gavilán,,,FOXT,CITA,LandPlane,1,Piston
Tiluchi,,,TAGO,CITA,LandPlane,1,Piston
Bush Caddy L-160,,,CAD4,CLASS,LandPlane,1,Piston
Bush Caddy R-80,,,CAD2,CLASS,LandPlane,1,Piston
Waco Classic,,,WACF,CLASSIC,LandPlane,1,Piston
S-18,,,T18,CLASSIC SPORT,LandPlane,1,Piston
CD-2 Seastar,,,CD2,CLAUDIUS DORNIER,Amphibian,2,Turboprop/Turboshaft
Spad 13 80%,,,ES13,CLIFFORD AEROWORKS,LandPlane,1,Piston
Co-50 Valkyrie,,,CO50,COBALT,LandPlane,1,Piston
Arrow,,,COAR,COBRA,LandPlane,1,Piston
MC-10 Cricri,,,MC10,COLOMBAN,LandPlane,2,Piston
MC-100 Ban-Bi,,,MCR1,COLOMBAN,LandPlane,1,Piston
C-1 Skimmer,,,SKIM,COLONIAL,Amphibian,1,Piston
Freedom,,,CFRE,COLYAER,Amphibian,1,Piston
Gannet,,,CGAN,COLYAER,SeaPlane,1,Piston
Martin 3,,,CMA3,COLYAER,LandPlane,1,Piston
Commander 114,,,AC11,COMMANDER,LandPlane,1,Piston
CA-13 Boomerang,,,CA19,COMMONWEALTH (1),LandPlane,1,Piston
CA-16 Wirraway,,,WIRR,COMMONWEALTH (1),LandPlane,1,Piston
CA-18 Mustang,,,P51,COMMONWEALTH (1),LandPlane,1,Piston
CA-25 Winjeel,,,CA25,COMMONWEALTH (1),LandPlane,1,Piston
185 Skyranger,,,SKYR,COMMONWEALTH (2),LandPlane,1,Piston
CA-12 Comp Air 12,,,CA12,COMP AIR,LandPlane,1,Turboprop/Turboshaft
CA-9 Comp Air 9,,,CA9,COMP AIR,LandPlane,1,Turboprop/Turboshaft
El Tomcat,,,ELTO,CONTINENTAL COPTERS,Helicopter,1,Piston
CJ-1 Starlet,,,CJ1,CORBY,LandPlane,1,Piston
Corone,,,CORO,CORVUS,LandPlane,1,Piston
CH-11 Fusion,,,FUSI,CORVUS,LandPlane,1,Piston
CA-41 Racer,,,CA41,CORVUS,LandPlane,1,Piston
JC-01,,,JC01,COUPE,LandPlane,1,Piston
JC-02,,,JC02,COUPE,LandPlane,1,Piston
CozyJet,,,COZJ,CO-Z,LandPlane,1,Jet
Dragon Fly,,,DRAG,CRAE,Helicopter,1,Piston
MPA Aerocat SR,,,CAT1,CREATIVE FLIGHT,LandPlane,1,Piston
MPA Aerocat TR,,,CAT2,CREATIVE FLIGHT,LandPlane,2,Piston
EC-6 Criquet,,,EC6,CROSES,LandPlane,1,Piston
Mermaid,,,MRMD,CSA,Amphibian,1,Piston
Parrot,,,PROT,CSA,LandPlane,1,Piston
CSS-13,,,PO2,CSS,LandPlane,1,Piston
Eagle 150,,,EAGX,CTRM,LandPlane,1,Piston
CC-19 NXCub,,,CC19,CUB CRAFTERS,LandPlane,1,Piston
CC-11 Carbon Cub,,,CC11,CUB CRAFTERS,LandPlane,1,Piston
MonoCulp,,,MOCU,CULP,LandPlane,1,Piston
Sopwith Pup,,,CPUP,CULP,LandPlane,1,Piston
Special,,,CULP,CULP,LandPlane,1,Piston
LAR Cadet,,,CUCA,CULVER,LandPlane,1,Piston
V,,,CULV,CULVER,LandPlane,1,Piston
Zefhir,,,ZEFR,CURTI,Helicopter,1,Turboprop/Turboshaft
C-46 Commando,,,C46,CURTISS,LandPlane,2,Piston
P-40 Warhawk,,,P40,CURTISS,LandPlane,1,Piston
50 Robin,,,CRBN,CURTISS,LandPlane,1,Piston
North Star 6 Galaxie,,,NST6,CUSTOM FLIGHT,LandPlane,1,Piston
Lite Star,,,LSTR,CUSTOM FLIGHT,LandPlane,1,Piston
North Star,,,NSTR,CUSTOM FLIGHT,LandPlane,1,Piston
CA-61 Mini Ace,,,CA61,CVJETKOVIC,LandPlane,1,Piston
CA-65 Skyfly,,,CA65,CVJETKOVIC,LandPlane,1,Piston
UL-39 Albi,,,UL39,CVUT,LandPlane,1,Piston
CH-801 Stol,,,CH80,CZAW,LandPlane,1,Piston
RangeR,,,RNGR,DAC,LandPlane,1,Piston
KT-1 Woong-Bee,,,KT1,DAEWOO,LandPlane,1,Turboprop/Turboshaft
D-4 Fascination,,,DAL4,DALLACH,LandPlane,1,Piston
D-5 Evolution,,,DAL5,DALLACH,LandPlane,1,Piston
FR-01 Snap,,,SNAP,DALLAIR,LandPlane,1,Piston
DFL-6 Saphir,,,DFL6,DAMOURE-FABRE,LandPlane,1,Piston
D-201 Sportwing,,,D201,D'APUZZO,LandPlane,1,Piston
D-260 Senior Aero Sport,,,SRAS,D'APUZZO,LandPlane,1,Piston
MD-3 Swiss Trainer,,,MD3,DATWYLER,LandPlane,1,Piston
DA-2,,,DA2,DAVIS,LandPlane,1,Piston
DA-5,,,DA5,DAVIS,LandPlane,1,Piston
DHA-3 Drover,,,DHA3,DE HAVILLAND AUSTRALIA,LandPlane,3,Piston
C-7 Caribou,,,DHC4,DE HAVILLAND CANADA,LandPlane,2,Piston
C-8 Buffalo,,,DHC5,DE HAVILLAND CANADA,LandPlane,2,Turboprop/Turboshaft
CC-138 Twin Otter,,,DHC6,DE HAVILLAND CANADA,LandPlane,2,Turboprop/Turboshaft
DHC-2 Mk3 Turbo Beaver,,,DH2T,DE HAVILLAND CANADA,LandPlane,1,Turboprop/Turboshaft
DHC-3 Turbo Otter,,,DH3T,DE HAVILLAND CANADA,LandPlane,1,Turboprop/Turboshaft
DHC-7 Dash 7,,,DHC7,DE HAVILLAND CANADA,LandPlane,4,Turboprop/Turboshaft
DHC-4 Turbo Caribou,,,DH4T,DE HAVILLAND CANADA,LandPlane,2,Turboprop/Turboshaft
DW-200 Whitney Boomerang,,,WBOO,DEAN-WILSON,LandPlane,1,Piston
Cobra,,,COBR,DEBORDE-ROLLAND,LandPlane,1,Piston
Delfin 2,,,DF2,DELFIN,LandPlane,1,Piston
Delfin 3,,,DF3,DELFIN,LandPlane,1,Piston
Delfin 10 Karas,,,DF10,DELFIN,LandPlane,1,Piston
Delfin 10M R-Line,,,DF1M,DELFIN,LandPlane,1,Piston
RD-20 Raid Driver,,,RD20,DENIZE,LandPlane,1,Piston
Kitfox,,,FOX,DENNEY,LandPlane,1,Piston
New Derringer,,,D1,DERRINGER,LandPlane,2,Piston
D-26,,,DWD2,DEWOITINE,LandPlane,1,Piston
DA-40 Diamond Star,,,DA40,DIAMOND,LandPlane,1,Piston
HK-36 Eco Dimona,,,DIMO,DIAMOND,LandPlane,1,Piston
DA-36 E-Star,,,DA36,DIAMOND,LandPlane,1,Electric
DA-62,,,DA62,DIAMOND,LandPlane,2,Piston
DA-50,,,DA50,DIAMOND,LandPlane,1,Piston
E-Racer,,,ERAC,DICKEY,LandPlane,1,Piston
IA-46 Ranquel,,,IA46,DINFIA,LandPlane,1,Piston
MS-760 Paris,,,MS76,DINFIA,LandPlane,2,Jet
Alto,,,ALTO,DIRECT FLY,LandPlane,1,Piston
N-219 Nurtanio,,,N219,DIRGANTARA INDONESIA,LandPlane,2,Turboprop/Turboshaft
XL-2,,,XL2,DISCOVERY,LandPlane,1,Piston
D-13 SunDancer,,,UF13,DISTAR,LandPlane,1,Piston
D-139 Blue Bird,,,D139,DORNA,LandPlane,1,Piston
DV-2 Infinity,,,DV2,DOVA,LandPlane,1,Piston
DV-1 Skylark,,,DV1,DOVA,LandPlane,1,Piston
14 Bellanca 260,,,B14B,DOWNER,LandPlane,1,Piston
Tundra,,,TNDR,DREAM,LandPlane,1,Piston
Skylark,,,DSLK,DRIGGS,LandPlane,1,Piston
Black Swan,,,BSWN,DRONAMICS,LandPlane,1,Piston
D-5 Turbi,,,D5TU,DRUINE,LandPlane,1,Piston
D-31 Turbulent,,,D31,DRUINE,LandPlane,1,Piston
D-60 Condor,,,D6CR,DRUINE,LandPlane,1,Piston
J-RO,,,JRO,DTA,Gyrocopter,1,Piston
2 Osa,,,DUB2,DUBNA,LandPlane,1,Piston
Mk5,,,DUR5,DURAND,LandPlane,1,Piston
RD-03 Edelweiss,,,RD03,DURUBLE,LandPlane,1,Piston
JD-2 Delta,,,JD2,DYKE,LandPlane,1,Piston
CR-100,,,CR10,DYN'AERO,LandPlane,1,Piston
Lafayette 4 Revolution,,,MCR4,DYN'AERO,LandPlane,1,Piston
MCR-R180,,,MCRR,DYN'AERO,LandPlane,1,Piston
Twin-R,,,TWIR,DYN'AERO,LandPlane,2,Piston
H-3 EasyFlyer,,,DYH3,DYNALI,Helicopter,1,Piston
H-2,,,DYH2,DYNALI,Helicopter,1,Piston
Biplane,,,BIPL,EAA,LandPlane,1,Piston
EA-100,,,MAGC,EAGLE AVIATION,LandPlane,1,Piston
Eclipse 500,,,EA50,ECLIPSE,LandPlane,2,Jet
Eclipse 400,,,EA40,ECLIPSE,LandPlane,1,Jet
EP-9,,,EP9,EDGAR PERCIVAL,LandPlane,1,Piston
VR-202,,,VR20,EGVOYAGER,LandPlane,1,Piston
JE-2 Gyroplane,,,JE2,EICH,Gyrocopter,1,Piston
JK-05 Beetle,,,JK05,EKOLOT,LandPlane,1,Piston
KR-030 Topaz,,,KR30,EKOLOT,LandPlane,1,Piston
C-3605,,,C365,EKW,LandPlane,1,Turboprop/Turboshaft
ELA-07,,,ELA7,ELA AVIACION,Gyrocopter,1,Piston
ELA-10 Eclipse,,,EL10,ELA AVIACION,Gyrocopter,1,Piston
Hermes 900,,,HRM9,ELBIT,LandPlane,1,Piston
IE-101 Elitar,,,ELTR,ELITAR,LandPlane,1,Piston
IE-202,,,EL20,ELITAR,LandPlane,1,Piston
Sigma,,,SIGM,ELITAR,LandPlane,1,Piston
Elixir,,,LXR,ELIXIR,LandPlane,1,Piston
Gweduck,,,GDUK,ELLISON-MAHON,Amphibian,2,Piston
CA-05 Christavia Mk1,,,CHR1,ELMWOOD,LandPlane,1,Piston
CH-8 Christavia Mk4,,,CHR4,ELMWOOD,LandPlane,1,Piston
MA-1 Paymaster,,,MA1,EMAIR,LandPlane,1,Piston
SJ-30,,,SJ30,EMIVEST,LandPlane,2,Jet
ECH-02 Namcu,,,NMCU,ENAER,LandPlane,1,Piston
T-35DT Turbo Pillán,,,TPIL,ENAER,LandPlane,1,Turboprop/Turboshaft
280 Shark,,,EN28,ENSTROM,Helicopter,1,Piston
480,,,EN48,ENSTROM,Helicopter,1,Turboprop/Turboshaft
Epervier,,,EPER,EPERVIER (1),LandPlane,1,Piston
X-1,,,EPX1,EPERVIER (2),LandPlane,1,Piston
CP-320 Super Emeraude,,,CP32,ERPALS,LandPlane,1,Piston
X-3,,,X3,EUROCOPTER,Helicopter,2,Turboprop/Turboshaft
SR-01 Magic,,,SR01,EURODISPLAY,LandPlane,1,Piston
FB-5 Star Light,,,FB5,EURO-FLY,LandPlane,1,Piston
Flash,,,FLSH,EURO-FLY,LandPlane,1,Piston
ATTL-1,,,ATTL,EURONEF,LandPlane,1,Piston
Europa,,,EUPA,EUROPA,LandPlane,1,Piston
F-15 Excalibur,,,PICO,EUROSPACE,LandPlane,1,Piston
4500 Evangel,,,EVAN,EVANGEL,LandPlane,2,Piston
VP-2 Volksplane,,,VP2,EVANS,LandPlane,1,Piston
SportStar,,,EVSS,EVEKTOR,LandPlane,1,Piston
VUT-100 Cobra,,,VUT1,EVEKTOR,LandPlane,1,Piston
EV-97 EuroStar,,,EV97,EVEKTOR,LandPlane,1,Piston
EV-55 Outback,,,EV55,EVEKTOR,LandPlane,2,Turboprop/Turboshaft
EVOT-550 Evolution,,,EVOT,EVOLUTION,LandPlane,1,Turboprop/Turboshaft
Ellipse,,,ELPS,EXPLORER (1),LandPlane,1,Piston
90,,,EXPR,EXPRESS,LandPlane,1,Piston
EA-200,,,E200,EXTRA,LandPlane,1,Piston
EA-230,,,E230,EXTRA,LandPlane,1,Piston
EA-300,,,E300,EXTRA,LandPlane,1,Piston
EA-400,,,E400,EXTRA,LandPlane,1,Piston
EA-500,,,E500,EXTRA,LandPlane,1,Turboprop/Turboshaft
NG,,,EXNG,EXTRA,LandPlane,1,Piston
A-10 Thunderbolt 2,,,A10,FAIRCHILD (1),LandPlane,2,Jet
C-26 Metro,,,SW4,FAIRCHILD (1),LandPlane,2,Turboprop/Turboshaft
C-82 Packet,,,C82,FAIRCHILD (1),LandPlane,2,Piston
C-119 Flying Boxcar,,,C119,FAIRCHILD (1),LandPlane,2,Piston
C-123 Provider,,,C123,FAIRCHILD (1),LandPlane,2,Piston
F-24 Argus,,,FA24,FAIRCHILD (1),LandPlane,1,Piston
FH-1100,,,FH11,FAIRCHILD (1),Helicopter,1,Turboprop/Turboshaft
M-62 Cornell,,,FA62,FAIRCHILD (1),LandPlane,1,Piston
SA-227TT Fairchild 300,,,SW3,FAIRCHILD (1),LandPlane,2,Turboprop/Turboshaft
KR-34,,,KR34,FAIRCHILD (1),LandPlane,1,Piston
KR-31,,,KR31,FAIRCHILD (1),LandPlane,1,Piston
KR-21,,,KR21,FAIRCHILD (1),LandPlane,1,Piston
F-11 Husky,,,FA11,FAIRCHILD (2),LandPlane,1,Piston
E4,,,UH12,FAIRCHILD HILLER,Helicopter,1,Piston
Firefly,,,FFLY,FAIREY,LandPlane,1,Piston
Gannet,,,GANT,FAIREY,LandPlane,1,Turboprop/Turboshaft
F-3,,,FJR3,FAJR,LandPlane,1,Piston
LN-27 Furio,,,LN27,FALCOMPOSITE,LandPlane,1,Piston
Falcon 402,,,F402,FALCON AIR,LandPlane,1,Turboprop/Turboshaft
Falcon 421,,,F421,FALCON AIR,LandPlane,1,Turboprop/Turboshaft
Cubmajor,,,MAJR,FALCONAR,LandPlane,1,Piston
HM-380 Ladybug,,,HM38,FALCONAR,LandPlane,1,Piston
SAL P-51D Mustang,,,FS51,FALCONAR,LandPlane,1,Piston
K-209 KISS,,,K209,FAMA,Helicopter,1,Turboprop/Turboshaft
Allegro,,,ALGR,FANTASY AIR,LandPlane,1,Piston
FG-01 Origan,,,FG01,FARIGOUX,LandPlane,1,Piston
F-1 Kestrel,,,KEST,FARNBOROUGH,LandPlane,1,Turboprop/Turboshaft
ArrowCopter,,,AC10,FD-COMPOSITES,Gyrocopter,1,Piston
TR-200,,,TR20,FEUGRAY,LandPlane,1,Piston
AS-202-15 Bravo,,,AS02,FFA,LandPlane,1,Piston
AS-202-32TP Turbine Bravo,,,AS2T,FFA,LandPlane,1,Turboprop/Turboshaft
Eurotrainer 2000,,,EURT,FFT,LandPlane,1,Piston
SC-01 Speed Canard,,,SC01,FFT,LandPlane,1,Piston
G-46,,,G46,FIAT,LandPlane,1,Piston
G-59,,,G59,FIAT,LandPlane,1,Piston
G-91R,,,G91,FIAT,LandPlane,1,Jet
Fi-156 Storch,,,F156,FIESELER,LandPlane,1,Piston
P-51,,,FE51,FIGHTER ESCORT WINGS,LandPlane,1,Piston
D,,,FIKD,FIKE,LandPlane,1,Piston
E,,,FIKE,FIKE,LandPlane,1,Piston
Celebrity,,,CLBR,FISHER,LandPlane,1,Piston
Dakota Hawk,,,DAKH,FISHER,LandPlane,1,Piston
Horizon,,,HORZ,FISHER,LandPlane,1,Piston
R-80 Tiger Moth,,,TMOT,FISHER,LandPlane,1,Piston
Culex,,,CULX,FISHER AERO,LandPlane,2,Piston
Scooter,,,SCTR,FLAGLOR,LandPlane,1,Piston
FA-01 Saphir,,,FA01,FLÄMING AIR,LandPlane,1,Piston
FA-02 Smaragd VLA,,,FA02,FLÄMING AIR,LandPlane,1,Piston
FA-03 Smaragd TMG,,,FA03,FLÄMING AIR,LandPlane,1,Piston
FA-04 Peregrine,,,FA04,FLÄMING AIR,LandPlane,1,Piston
LAR-1,,,LAR1,FLARIS,LandPlane,1,Jet
2,,,FLE2,FLEET,LandPlane,1,Piston
7,,,FLE7,FLEET,LandPlane,1,Piston
10,,,FINC,FLEET,LandPlane,1,Piston
60 Fort,,,FORT,FLEET,LandPlane,1,Piston
80 Canuck,,,CNUK,FLEET,LandPlane,1,Piston
F-4 Sea Bird,,,FWSB,FLEETWINGS,Amphibian,1,Piston
CT,,,FDCT,FLIGHT DESIGN,LandPlane,1,Piston
MC,,,FDMC,FLIGHT DESIGN,LandPlane,1,Piston
F-2,,,FDF2,FLIGHT DESIGN,LandPlane,1,Piston
F-2e,,,FD2E,FLIGHT DESIGN,LandPlane,1,Electric
KLA-100,,,KL10,FLIGHT DESIGN-VESSEL,LandPlane,1,Piston
PL-12 Airtruk,,,PL12,FLIGHT ENGINEERS,LandPlane,1,Piston
Z-1 Flitzer,,,FLIZ,FLITZER,LandPlane,1,Piston
Sprint,,,SAH1,FLS,LandPlane,1,Piston
DK-1 Der Kricket,,,KRIC,FLSZ,LandPlane,1,Piston
Fw-190 Replica,,,FW90,FLUG WERK,LandPlane,1,Piston
Storch,,,STCH,FLY SYNTHESIS,LandPlane,1,Piston
Texan,,,TEXA,FLY SYNTHESIS,LandPlane,1,Piston
Wallaby,,,WLBY,FLY SYNTHESIS,LandPlane,1,Piston
Syncro,,,SYNC,FLY SYNTHESIS,LandPlane,1,Piston
Catalina,,,CTLN,FLY SYNTHESIS,Amphibian,1,Piston
Flyer SS,,,FLSS,FLYER,LandPlane,1,Piston
Pelican,,,PELI,FLYER,LandPlane,1,Piston
LN-3 Seagull,,,LN3,FLYGFABRIKEN,Amphibian,1,Piston
Tucano Replica,,,TUCR,FLYING LEGEND,LandPlane,1,Piston
Turbine Tucano Replica,,,TUCT,FLYING LEGEND,LandPlane,1,Turboprop/Turboshaft
FM-250 Vampire,,,FM25,FLYING MACHINES,LandPlane,1,Piston
MD-3 Rider,,,MD3R,FLYITALIA,LandPlane,1,Piston
FW-02 Flywhale,,,FW02,FLYWHALE,Amphibian,1,Piston
20 El Boyero,,,EBOY,FMA,LandPlane,1,Piston
Fw-44 Stieglitz,,,FW44,FMA,LandPlane,1,Piston
IA-58 Pucará,,,IA58,FMA,LandPlane,2,Turboprop/Turboshaft
IA-63 Pampa,,,IA63,FMA,LandPlane,1,Jet
Qualt,,,QALT,FMP,LandPlane,1,Piston
Fo-144 Gnat,,,GNAT,FOLLAND,LandPlane,1,Jet
4-AT Tri-Motor,,,TRIM,FORD,LandPlane,3,Piston
100 Centennial,,,CENT,FOUND,LandPlane,1,Piston
FBA-2,,,FBA2,FOUND,LandPlane,1,Piston
RF-6,,,RF6,FOURNIER,LandPlane,1,Piston
Terrier,,,TERR,FOXCON,LandPlane,1,Piston
Frontier MD-2,,,FRON,FRONTIER,LandPlane,1,Piston
FA-200 Aero Subaru,,,SUBA,FUJI,LandPlane,1,Piston
FA-300,,,RC70,FUJI,LandPlane,2,Piston
KM-2,,,KM2,FUJI,LandPlane,1,Piston
KM-2D,,,T5,FUJI,LandPlane,1,Turboprop/Turboshaft
T-1,,,T1,FUJI,LandPlane,1,Jet
T-7,,,T7,FUJI,LandPlane,1,Turboprop/Turboshaft
G-1,,,G1,G1 AVIATION,LandPlane,1,Piston
N-2 Nomad,,,NOMA,GAF,LandPlane,2,Turboprop/Turboshaft
GB-1 GameBird,,,GB1,GAME COMPOSITES,LandPlane,1,Piston
GY-100 Bagheera,,,GY10,GARDAN,LandPlane,1,Piston
Melmoth 2,,,MEL2,GARRISON,LandPlane,1,Piston
AG-02 Poussin,,,AG02,GATARD,LandPlane,1,Piston
AG-04 Pigeon,,,AG04,GATARD,LandPlane,1,Piston
24,,,LJ24,GATES LEARJET,LandPlane,2,Jet
25,,,LJ25,GATES LEARJET,LandPlane,2,Jet
28,,,LJ28,GATES LEARJET,LandPlane,2,Jet
G1-80 Skyfarer,,,G180,GENERAL AIRCRAFT,LandPlane,1,Piston
MQ-1 Predator,,,Q1,GENERAL ATOMICS,LandPlane,1,Piston
MQ-9 Reaper,,,Q9,GENERAL ATOMICS,LandPlane,1,Turboprop/Turboshaft
F-20 Pegaso,,,PEGA,GENERAL AVIA,LandPlane,2,Piston
F-20TP Condor,,,CNDR,GENERAL AVIA,LandPlane,2,Turboprop/Turboshaft
F-22 Pinguino,,,PINO,GENERAL AVIA,LandPlane,1,Piston
GenPro,,,GPRO,GENEVATION,LandPlane,1,Piston
MB-308,,,M308,GERMAN BIANCO,LandPlane,1,Piston
GA-10,,,GA10,GIPPSAERO,LandPlane,1,Turboprop/Turboshaft
GA-8 Airvan,,,GA8,GIPPSAERO,LandPlane,1,Piston
GA-200 Fatman,,,GA20,GIPPSLAND,LandPlane,1,Piston
GlaStar,,,GLST,GLASAIR,LandPlane,1,Piston
Glasair,,,GLAS,GLASAIR,LandPlane,1,Piston
SG-70 STOLGlass,,,SG70,GLASS,LandPlane,1,Piston
SQ-2000,,,SQ2T,GLASSIC,LandPlane,1,Piston
GC-1 Swift,,,GC1,GLOBE,LandPlane,1,Piston
Gauntlet,,,GAUN,GLOSTER,LandPlane,1,Piston
Gladiator,,,GLAD,GLOSTER,LandPlane,1,Piston
Pretty Flight,,,PRET,GM&T,LandPlane,1,Piston
F-30 Brio,,,F30,GOLDEN AVIO,LandPlane,1,Piston
T-Bird 2 Cargo,,,TBR3,GOLDEN CIRCLE,LandPlane,1,Piston
GV-38,,,SPST,GÖTAVERKEN,LandPlane,1,Piston
2T-1 Sport,,,G2T1,GREAT LAKES,LandPlane,1,Piston
Sonerai,,,SRAI,GREAT PLAINS,LandPlane,1,Piston
GN-1 Aircamper,,,CAMP,GREGA,LandPlane,1,Piston
Lionheart,,,LION,GRIFFON,LandPlane,1,Piston
Griffon,,,GRFN,GRIFFON AERO,LandPlane,1,Piston
D-500 Egrett 2,,,EGRT,GROB,LandPlane,1,Turboprop/Turboshaft
G-109,,,G109,GROB,LandPlane,1,Piston
G-115,,,G115,GROB,LandPlane,1,Piston
G-115T Acro,,,G15T,GROB,LandPlane,1,Piston
G-120,,,G120,GROB,LandPlane,1,Piston
G-140TP,,,G140,GROB,LandPlane,1,Turboprop/Turboshaft
G-160 Ranger,,,G160,GROB,LandPlane,1,Turboprop/Turboshaft
G-180 SPn Utility Jet,,,GSPN,GROB,LandPlane,2,Jet
G-120TP,,,G12T,GROB,LandPlane,1,Turboprop/Turboshaft
H2X Hawk 3,,,HAW3,GROEN,Gyrocopter,1,Piston
Hawk 4,,,HW4P,GROEN,Gyrocopter,1,Piston
Jet Hawk 4T,,,HW4T,GROEN,Gyrocopter,1,Turboprop/Turboshaft
Revcon 6G,,,REV6,GROEN,Gyrocopter,1,Turboprop/Turboshaft
Trail,,,TRAL,GROPPO,LandPlane,1,Piston
G-70,,,G70,GROPPO,LandPlane,1,Piston
Easy Eagle,,,EAEA,GROSSO,LandPlane,1,Piston
P-27 Skyster,,,P27,GRYF,LandPlane,1,Piston
G-2 Cabri,,,G2CA,GUIMBAL,Helicopter,1,Piston
F-6,,,MG19,GUIZHOU,LandPlane,2,Jet
FTC-2000 Shanying,,,JL9,GUIZHOU,LandPlane,1,Jet
690 Jetprop Commander 840,,,AC90,GULFSTREAM AEROSPACE,LandPlane,2,Turboprop/Turboshaft
695 Jetprop Commander 980,,,AC95,GULFSTREAM AEROSPACE,LandPlane,2,Turboprop/Turboshaft
C-20A Gulfstream 3,,,GLF3,GULFSTREAM AEROSPACE,LandPlane,2,Jet
C-20F Gulfstream 4,,,GLF4,GULFSTREAM AEROSPACE,LandPlane,2,Jet
G-5 Gulfstream 5,,,GLF5,GULFSTREAM AEROSPACE,LandPlane,2,Jet
Gulfstream G280,,,G280,GULFSTREAM AEROSPACE,LandPlane,2,Jet
Gulfstream G100,,,ASTR,GULFSTREAM AEROSPACE,LandPlane,2,Jet
Gulfstream G150,,,G150,GULFSTREAM AEROSPACE,LandPlane,2,Jet
Gulfstream G200,,,GALX,GULFSTREAM AEROSPACE,LandPlane,2,Jet
G-7 Gulfstream G500,,,GA5C,GULFSTREAM AEROSPACE,LandPlane,2,Jet
G-7 Gulfstream G600,,,GA6C,GULFSTREAM AEROSPACE,LandPlane,2,Jet
G-8 Gulfstream G700,,,GA7C,GULFSTREAM AEROSPACE,LandPlane,2,Jet
G-6 Gulfstream G650,,,GLF6,GULFSTREAM AEROSPACE,LandPlane,2,Jet
G-7 Gulfstream G400,,,GA4C,GULFSTREAM AEROSPACE,LandPlane,2,Jet
G-8 Gulfstream G800,,,GA8C,GULFSTREAM AEROSPACE,LandPlane,2,Jet
Gulfstream G300,,,GA3C,GULFSTREAM AEROSPACE,LandPlane,2,Jet
D-4 Replica,,,HLD4,HALBERSTADT,LandPlane,1,Piston
CL-4 Replica,,,HLC4,HALBERSTADT,LandPlane,1,Piston
Apollo AG-1 Gyro,,,AG1,HALLEY,Gyrocopter,1,Piston
Apollo Fox,,,AFOX,HALLEY,LandPlane,1,Piston
Saffire,,,SAFF,HALSTED,LandPlane,1,Piston
T-28 Nomair,,,T28,HAMILTON,LandPlane,1,Piston
SF-2 Cygnet,,,SF2,HAPI,LandPlane,1,Piston
PS-5,,,SH5,HARBIN,SeaPlane,4,Turboprop/Turboshaft
Y-11,,,Y11,HARBIN,LandPlane,2,Piston
Y-12-2,,,Y12,HARBIN,LandPlane,2,Turboprop/Turboshaft
Y-12F Aircar,,,Y12F,HARBIN,LandPlane,2,Turboprop/Turboshaft
Rocket,,,HROC,HARMON,LandPlane,1,Piston
LS-2,,,LS2,HAT,LandPlane,1,Piston
CB-1 Biplane,,,CB1,HATZ,LandPlane,1,Piston
Cygnet,,,CYGT,HAWKER,LandPlane,1,Piston
Fury,,,FURY,HAWKER,LandPlane,1,Piston
Hind,,,HIND,HAWKER,LandPlane,1,Piston
Hunter,,,HUNT,HAWKER,LandPlane,1,Jet
Hurricane,,,HURI,HAWKER,LandPlane,1,Piston
390 Premier 1,,,PRM1,HAWKER BEECHCRAFT,LandPlane,2,Jet
4000 Hawker 4000,,,HA4T,HAWKER BEECHCRAFT,LandPlane,2,Jet
Buccaneer,,,BUC,HAWKER SIDDELEY,LandPlane,2,Jet
HS-125-1,,,H25A,HAWKER SIDDELEY,LandPlane,2,Jet
HB-202 Fledger,,,H202,HB-AIRCRAFT,LandPlane,1,Piston
HB-207 Alfa,,,H207,HB-FLUGTECHNIK,LandPlane,1,Piston
CH-200 Zénith,,,CH20,HEINTZ,LandPlane,1,Piston
H-1 Commuter,,,COMU,HELICOM,Helicopter,1,Piston
AU-24 Stallion,,,STLN,HELIO,LandPlane,1,Turboprop/Turboshaft
H-250 Courier 2,,,COUR,HELIO,LandPlane,1,Piston
H-500 Twin Courier,,,TCOU,HELIO,LandPlane,2,Piston
CH-7 Kompress,,,CH7,HELI-SPORT,Helicopter,1,Piston
HX-2 Wasp,,,HX2,HELOWERKS,Helicopter,1,Turboprop/Turboshaft
Shahed 278,,,S278,HESA,Helicopter,1,Turboprop/Turboshaft
Shahed 285,,,S285,HESA,Helicopter,1,Turboprop/Turboshaft
HFB-320 Hansa,,,HF20,HFB,LandPlane,2,Jet
Super Hornet,,,SHOR,HIGHER CLASS,LandPlane,1,Piston
EH1-01 Rotormouse,,,RMOU,HILLBERG,Helicopter,1,Turboprop/Turboshaft
UH-12E3T,,,H12T,HILLER,Helicopter,1,Turboprop/Turboshaft
ALH Dhruv,,,ALH,HINDUSTAN,Helicopter,2,Turboprop/Turboshaft
HA-31 Basant,,,HA31,HINDUSTAN,LandPlane,1,Piston
HJT-16 Kiran,,,HT16,HINDUSTAN,LandPlane,1,Jet
HJT-36 Sitara,,,HT36,HINDUSTAN,LandPlane,1,Jet
HT-2,,,HT2,HINDUSTAN,LandPlane,1,Piston
Jaguar,,,JAGR,HINDUSTAN,LandPlane,2,Jet
MiG-27 Bahadur,,,MG23,HINDUSTAN,LandPlane,1,Jet
LCH,,,LCH,HINDUSTAN,Helicopter,2,Turboprop/Turboshaft
HTT-40,,,HT40,HINDUSTAN,LandPlane,1,Turboprop/Turboshaft
Hi-27 Acrostar,,,HI27,HIRTH,LandPlane,1,Piston
HA-1112 Buchon,,,ME09,HISPANO,LandPlane,1,Piston
H-40,,,H40,HOFFMANN,LandPlane,1,Piston
Perigee,,,PGEE,HOLCOMB,LandPlane,1,Piston
HA-2 Sportster,,,HA2,HOLLMANN,Gyrocopter,1,Piston
A-5,,,Q5,HONGDU,LandPlane,2,Jet
BT-6,,,CJ6,HONGDU,LandPlane,1,Piston
K-8 Karakorum,,,K8,HONGDU,LandPlane,1,Jet
N-5B,,,N5B,HONGDU,LandPlane,1,Turboprop/Turboshaft
L-15 Lieying,,,L15,HONGDU,LandPlane,2,Jet
GJ-11 Sharp Sword,,,GJ11,HONGDU,LandPlane,1,Jet
N-5A,,,N5A,HONGDU,LandPlane,1,Piston
Beta Bird,,,BBIR,HOVEY,LandPlane,1,Piston
DGA-15,,,DG15,HOWARD (1),LandPlane,1,Piston
Australian LightWing   GR-912,,,LWIN,HOWARD HUGHES,LandPlane,1,Piston
Australian LightWing Speed SP-2000,,,LW20,HOWARD HUGHES,LandPlane,1,Piston
Pocket Rocket PR-582,,,PRPR,HOWARD HUGHES,LandPlane,1,Piston
Pocket Rocket PR-Breeze,,,PRBR,HOWARD HUGHES,LandPlane,1,Piston
Pocket Rocket PR-Bipe,,,PRBP,HOWARD HUGHES,LandPlane,1,Piston
Australian LightWing Speed SP-4000,,,LW40,HOWARD HUGHES,LandPlane,1,Piston
Tetras,,,TTRS,HUMBERT,LandPlane,1,Piston
Moto Du Ciel,,,MOTO,HUMBERT,LandPlane,1,Piston
Hummel Bird,,,HUML,HUMMEL,LandPlane,1,Piston
P-56 Provost,,,PPRO,HUNTING,LandPlane,1,Piston
P-66 Pembroke,,,PEMB,HUNTING,LandPlane,2,Piston
HD-34,,,HD34,HUREL-DUBOIS,LandPlane,2,Piston
Exec,,,EXEC,HUZHOU TAIXIANG,Helicopter,1,Piston
Cicada,,,CICA,HYDROPLANE,LandPlane,2,Piston
101 Arava,,,ARVA,IAI,LandPlane,2,Turboprop/Turboshaft
1123 Westwind,,,WW23,IAI,LandPlane,2,Jet
1124 Sea Scan,,,WW24,IAI,LandPlane,2,Jet
Kfir,,,KFIR,IAI,LandPlane,1,Jet
Heron,,,HRON,IAI,LandPlane,1,Piston
I-66 San Francesco,,,I66,IANNOTTA,LandPlane,1,Piston
IAR-46 Katty,,,IR46,IAR,LandPlane,1,Piston
IS-28M2,,,IS28,IAR,LandPlane,1,Piston
GS-501 Urraco,,,URRA,IBIS (2),LandPlane,1,Piston
GS-750 Grand Magic,,,GMGC,IBIS (2),LandPlane,1,Piston
IAR-825TP Triumf,,,IR25,ICA,LandPlane,1,Turboprop/Turboshaft
IAR-826,,,IR22,ICA,LandPlane,1,Piston
IS-28MA,,,IR28,ICA,LandPlane,1,Piston
IAR-823,,,IR23,ICA,LandPlane,1,Piston
IAR-824,,,IR24,ICA,LandPlane,1,Piston
A-5,,,A5,ICON,Amphibian,1,Piston
Ventura,,,VNTR,ICP,LandPlane,1,Piston
SA-2 Rampage,,,SA2,ICP,LandPlane,1,Piston
E-Genius,,,GENI,IFB,LandPlane,1,Electric
Sky Arrow,,,SKAR,III,LandPlane,1,Piston
Speed Arrow,,,SPAR,III,LandPlane,1,Piston
Ai-10 Ikar,,,AI10,IKAR,LandPlane,1,Piston
C-42,,,C42,IKARUS,LandPlane,1,Piston
Impulse,,,IMPU,IMPULSE,LandPlane,1,Piston
Genesis,,,GSIS,INNOVATION,LandPlane,1,Piston
SkyQuest,,,SQES,INNOVATION,LandPlane,2,Piston
FX-1,,,FX1,INNOVAVIATION,LandPlane,1,Piston
Conquest,,,INCQ,INPAER,LandPlane,1,Piston
Excel,,,INEC,INPAER,LandPlane,1,Piston
Explorer,,,INEX,INPAER,LandPlane,1,Piston
I-22 Iryda,,,I22,INSTYTUT LOTNICTWA,LandPlane,1,Jet
I-23 Manager,,,I23,INSTYTUT LOTNICTWA,LandPlane,1,Piston
IS-2,,,IS2,INSTYTUT LOTNICTWA,Helicopter,1,Piston
I-3,,,I3,INTERAVIA,LandPlane,1,Piston
Skyboy,,,SBOY,INTERPLANE,LandPlane,1,Piston
GM-17  Viper,,,GM17,INTRACOM,LandPlane,1,Turboprop/Turboshaft
Ion,,,ION,ION,LandPlane,1,Piston
IPAI-26 Tuca,,,IP26,IPAI,LandPlane,1,Piston
IPE-06 Curucaca,,,IP06,IPE,LandPlane,1,Piston
IPE-06A,,,IP6A,IPE,LandPlane,1,Piston
IPE-010,,,IP10,IPE,LandPlane,1,Piston
Shahed 274,,,S274,IRGC,Helicopter,1,Turboprop/Turboshaft
JT-2-2 Tazarve,,,TZRV,IRIAF,LandPlane,1,Jet
S-100 Saeghe,,,F5SA,IRIAF,LandPlane,2,Jet
Fury,,,IFUR,ISAACS,LandPlane,1,Piston
Spitfire,,,ISPT,ISAACS,LandPlane,1,Piston
Omega,,,OMGA,ISAE,LandPlane,1,Piston
APM-20 Lionceau,,,APM2,ISSOIRE,LandPlane,1,Piston
APM-30 Lion,,,APM3,ISSOIRE,LandPlane,1,Piston
APM-41 Simba,,,APM4,ISSOIRE,LandPlane,1,Piston
J-6 Fregata,,,JAJ6,J & AS,LandPlane,1,Piston
Jabiru J160,,,JAB2,JABIRU,LandPlane,1,Piston
Jabiru J200,,,JAB4,JABIRU,LandPlane,1,Piston
Jabiru LSA,,,JABI,JABIRU,LandPlane,1,Piston
Thruxton Jackaroo,,,JARO,JACKAROO,LandPlane,1,Piston
JAG,,,JAG2,JAG HELICOPTER,Helicopter,1,Turboprop/Turboshaft
Wichawk,,,WICH,JAVELIN,LandPlane,1,Piston
KP-2 Rapid 200,,,KP2,JIHLAVAN,LandPlane,1,Piston
KP-5 Rapid 500,,,KP5,JIHLAVAN,LandPlane,1,Piston
Skyleader GP One,,,GP1,JIHLAVAN,LandPlane,1,Piston
JA-400 Skyleader 400,,,J400,JIHLAVAN,LandPlane,1,Piston
VL-3 Evolution Turbine,,,VL3T,JMB AIRCRAFT,LandPlane,1,Turboprop/Turboshaft
JAS-4,,,JAS4,JOBY,Tiltrotor,6,Electric
D-18,,,D18,JODEL,LandPlane,1,Piston
D-140 Abeille,,,D140,JODEL,LandPlane,1,Piston
D-150 Mascaret,,,D150,JODEL,LandPlane,1,Piston
Rocket 185,,,R185,JOHNSON,LandPlane,1,Piston
F-13 Replica,,,F13,JUNKERS,LandPlane,1,Piston
Junka,,,KAK3,JUNKERS PROFLY,LandPlane,1,Piston
RJ-03 Ibis,,,RJ03,JUNQUA,LandPlane,1,Piston
MJ-2 Tempête,,,MJ2,JURCA,LandPlane,1,Piston
MJ-4 Shadow,,,MJ4,JURCA,LandPlane,1,Piston
MJ-5 Sirocco,,,MJ5,JURCA,LandPlane,1,Piston
MJ-8 1-Nine-0,,,MJ8,JURCA,LandPlane,1,Piston
MJ-9,,,MJ9,JURCA,LandPlane,1,Piston
MJ-10 Spit,,,MJ10,JURCA,LandPlane,1,Piston
MJ-12 P-40,,,MJ12,JURCA,LandPlane,1,Piston
MJ-53 Autan,,,MJ53,JURCA,LandPlane,1,Piston
MJ-77 Gnatsum,,,MJ77,JURCA,LandPlane,1,Piston
MJ-80 Focke-Wulf Fw-190 Replica,,,MJ80,JURCA,LandPlane,1,Piston
MJ-90 Messerschmitt Bf-109 Replica,,,MJ90,JURCA,LandPlane,1,Piston
MJ-100 Spitfire Replica,,,MJ1H,JURCA,LandPlane,1,Piston
MJ-51 Spérocco,,,MJ51,JURCA,LandPlane,1,Piston
JA20 Highlander,,,HIGH,JUST,LandPlane,1,Piston
JA30 SuperSTOL,,,SSTL,JUST,LandPlane,1,Piston
Escapade,,,ESCP,JUST,LandPlane,1,Piston
SA-102.5 Cavalier,,,SA02,K & S,LandPlane,1,Piston
SA-103 Cavalier,,,SA03,K & S,LandPlane,1,Piston
SA-104 Cavalier,,,SA04,K & S,LandPlane,1,Piston
SA-105 Super Cavalier,,,SA05,K & S,LandPlane,1,Piston
Magic,,,MGIC,KAISER,LandPlane,1,Piston
RK-5,,,RK5,KALINAUSKAS,LandPlane,1,Piston
H-43A,,,H43A,KAMAN,Helicopter,1,Piston
HH-43B Huskie,,,H43B,KAMAN,Helicopter,1,Turboprop/Turboshaft
K-20 Seasprite,,,H2,KAMAN,Helicopter,2,Turboprop/Turboshaft
K-1200 K-Max,,,KMAX,KAMAN,Helicopter,1,Turboprop/Turboshaft
RK-1 Jungster 1,,,JUN1,KAMINSKAS,LandPlane,1,Piston
RK-2 Jungster 2,,,JUN2,KAMINSKAS,LandPlane,1,Piston
Twinbee,,,KATB,KARI,LandPlane,2,Piston
60 Coupe,,,KK60,KARI-KEEN,LandPlane,1,Piston
C-1,,,C1,KAWASAKI,LandPlane,2,Jet
KH-4,,,KH4,KAWASAKI,Helicopter,1,Piston
OH-1,,,OH1,KAWASAKI,Helicopter,2,Turboprop/Turboshaft
T-4,,,T4,KAWASAKI,LandPlane,2,Jet
XC-2,,,KC2,KAWASAKI,LandPlane,2,Jet
P-1,,,P1,KAWASAKI,LandPlane,4,Jet
Lark,,,KELA,KELEHER,LandPlane,1,Piston
D,,,KELD,KELLY,LandPlane,1,Piston
Float Hawk,,,KEHA,KESTREL,LandPlane,1,Piston
AT-3,,,KAT3,KHRUNICHEV,LandPlane,1,Turboprop/Turboshaft
AT-419 Strekoza,,,T419,KHRUNICHEV,LandPlane,1,Piston
T-415 Snegir,,,T415,KHRUNICHEV,LandPlane,1,Piston
AK-1,,,KAK1,KIEGER,LandPlane,1,Piston
AK-2,,,KAK2,KIEGER,LandPlane,1,Piston
DSK-1 Hawk,,,DSK,KILLINGSWORTH,LandPlane,1,Piston
McCullocoupe,,,MCUL,KIMBALL,LandPlane,1,Piston
S-12 Macho Stinker,,,PTMS,KIMBALL,LandPlane,1,Piston
Dormoy Bathtub,,,BTUB,KIMBREL,LandPlane,1,Piston
Mountain Goat,,,MOGO,KINETIC,LandPlane,1,Piston
Bushbaby,,,KFAB,KITPLANES FOR AFRICA,LandPlane,1,Piston
Safari,,,KFAS,KITPLANES FOR AFRICA,LandPlane,1,Piston
Kl-35,,,KL35,KLEMM,LandPlane,1,Piston
L-25,,,KL25,KLEMM,LandPlane,1,Piston
King Kolbra,,,KLBR,KOLB,LandPlane,1,Piston
Laser,,,KOLL,KOLB,LandPlane,1,Piston
SH-09,,,SH09,KOPTER,Helicopter,1,Turboprop/Turboshaft
F/A-50 Golden Eagle,,,K50,KOREA AEROSPACE,LandPlane,1,Jet
KF-21 Boramae,,,KF21,KOREA AEROSPACE,LandPlane,2,Jet
KUH-1 Surion,,,SURN,KOREA AEROSPACE,Helicopter,2,Turboprop/Turboshaft
KC-100 Naraon,,,NARN,KOREA AEROSPACE,LandPlane,1,Piston
ES-3 Doc's RX,,,DOCX,KOVACH-ELMENDORF,LandPlane,1,Piston
K-51 Peregrino,,,K51,KOVACS,LandPlane,1,Piston
XQ-58 Valkyrie,,,Q58,KRATOS,LandPlane,1,Jet
M-4 Irbis,,,IRBS,KUBICEK,LandPlane,1,Piston
M-2 Scout,,,M2,KUBICEK,LandPlane,1,Piston
LC-B Commercial,,,LCB,LAIRD,LandPlane,1,Piston
LC-R Speedwing,,,LCR,LAIRD,LandPlane,1,Piston
LA-4,,,LA4,LAKE,Amphibian,1,Piston
LA-250 Renegade,,,LA25,LAKE,Amphibian,1,Piston
HL-2 Replica,,,HL2,LAMBACH,LandPlane,1,Piston
M-106 Mission,,,M106,LAMBERT,LandPlane,1,Piston
M-212 Mission,,,M212,LAMBERT,LandPlane,1,Piston
M-108 Mission,,,M108,LAMBERT,LandPlane,1,Piston
Jupiter,,,JUPI,LAMMER GEYER,LandPlane,1,Piston
Lancair 4,,,LNC4,LANCAIR,LandPlane,1,Piston
Lancair 200,,,LNC2,LANCAIR,LandPlane,1,Piston
Lancair ES,,,LNCE,LANCAIR,LandPlane,1,Piston
Lancair PropJet 4,,,LNP4,LANCAIR,LandPlane,1,Turboprop/Turboshaft
Sentry 4T,,,LNT4,LANCAIR,LandPlane,1,Turboprop/Turboshaft
Evolution Piston,,,EVOP,LANCAIR,LandPlane,1,Piston
Lancair ES-P,,,LESP,LANCAIR,LandPlane,1,Piston
NLA-450 Mako,,,MAKO,LANCAIR,LandPlane,1,Piston
NLA-275 Barracuda,,,CUDA,LANCAIR,LandPlane,1,Piston
Legacy,,,LEG2,LANCAIR,LandPlane,1,Piston
Sherwood Ranger,,,SHRA,LANITZ,LandPlane,1,Piston
SP-26,,,SP20,LANSHE,LandPlane,1,Piston
Akro Z,,,LAKR,LASER,LandPlane,1,Piston
LACO-125,,,LACO,LAVEN,LandPlane,1,Piston
PA-25 Biplaza Puelche,,,P25B,LAVIASA,LandPlane,1,Piston
23,,,LJ23,LEAR JET,LandPlane,2,Jet
380 Ladybug,,,L380,LEDERLIN,LandPlane,1,Piston
Turbine Legend,,,TLEG,LEGEND,LandPlane,1,Turboprop/Turboshaft
Me-262,,,ME62,LEGEND FLYERS,LandPlane,2,Jet
Super-Chipmunk,,,CHIP,LEGER,LandPlane,1,Piston
Air Cam,,,ACAM,LEZA,LandPlane,2,Piston
LH-10 Ellipse,,,LH10,LH AVIATION,LandPlane,1,Piston
Bellaire,,,LIBE,LIBERTY (1),LandPlane,1,Piston
LM-5 Super Cub,,,LM5X,LIGHT MINIATURE,LandPlane,1,Piston
AC-4,,,AC4,LIGHT WING,LandPlane,1,Piston
Lightning Bug,,,LBUG,LIGHTNING BUG,LandPlane,1,Piston
X-32 Bekas,,,LX32,LILIENTHAL,LandPlane,1,Piston
X-34 Bekas,,,LX34,LILIENTHAL,LandPlane,1,Piston
Gelatik,,,PZ04,LIPNUR,LandPlane,1,Piston
PZL-101 Gawron,,,PZ01,LIPNUR,LandPlane,1,Piston
Akoya,,,AKOY,LISA,Amphibian,1,Piston
LW-4 Roto-Pup,,,RPUP,LITTLE WING,Gyrocopter,1,Piston
2000,,,LR2T,LOAD RANGER,Helicopter,1,Turboprop/Turboshaft
LM-5 Aviastar,,,LM5,LOMBARDI,LandPlane,1,Piston
LM-7,,,LM7,LOMBARDI,LandPlane,1,Piston
LP-1 Fury,,,LP1,LOPRESTI,LandPlane,1,Piston
SF-25 Falke,,,SF25,LORAVIA,LandPlane,1,Piston
WR-1 Love,,,LOVE,LOVING-WAYNE,LandPlane,1,Piston
L-5,,,LUL5,LUCAS,LandPlane,1,Piston
L-6,,,LUL6,LUCAS,LandPlane,1,Piston
L-7,,,LUL7,LUCAS,LandPlane,1,Piston
L-8,,,LUL8,LUCAS,LandPlane,1,Piston
W-5 Buttercup Replica,,,W5BC,LUCEAIR,LandPlane,1,Piston
SA-60 Silhouette,,,SILH,LUNDS TEKNISKE,LandPlane,1,Piston
8,,,L8,LUSCOMBE,LandPlane,1,Piston
11A Sedan,,,L11,LUSCOMBE,LandPlane,1,Piston
11E,,,L11E,LUSCOMBE,LandPlane,1,Piston
S-21,,,S21,MACDONALD,LandPlane,1,Piston
Mad Max,,,MMAX,MAD MAX AERO,Gyrocopter,1,Piston
M-14 Scout,,,MM14,MAGNI,Gyrocopter,1,Piston
M-16 Tandem Trainer,,,MM16,MAGNI,Gyrocopter,1,Piston
M-19 Shark,,,MM19,MAGNI,Gyrocopter,1,Piston
M-21,,,MM21,MAGNI,Gyrocopter,1,Piston
M-22 Voyager,,,MM22,MAGNI,Gyrocopter,1,Piston
M-24 Orion,,,MM24,MAGNI,Gyrocopter,1,Piston
MG-11 eFusion,,,EFUS,MAGNUS,LandPlane,1,Electric
MiG-29,,,MG29,MAPO,LandPlane,2,Jet
MiG-31,,,MG31,MAPO,LandPlane,2,Jet
SL-39,,,SL39,MAPO,LandPlane,1,Piston
1-L Malamut,,,MMUT,MARA WING,LandPlane,1,Piston
BM-6 Lark,,,BM6,MARANDA,LandPlane,1,Piston
EM-10 Bielik,,,EM10,MARGANSKI,LandPlane,1,Jet
EM-11 Orka,,,EM11,MARGANSKI,LandPlane,2,Piston
JPM-01 Medoc,,,JPM1,MARIE,LandPlane,1,Piston
MA-5 Charger,,,MA5,MARQUART,LandPlane,1,Piston
179 Marauder,,,B26M,MARTIN,LandPlane,2,Piston
272,,,WB57,MARTIN,LandPlane,2,Jet
404,,,M404,MARTIN,LandPlane,2,Piston
M-360 Jupiter,,,M36J,MATRA,LandPlane,2,Piston
M-4,,,M4,MAULE,LandPlane,1,Piston
M-5,,,M5,MAULE,LandPlane,1,Piston
M-6 Super Rocket,,,M6,MAULE,LandPlane,1,Piston
M-7-235 Orion,,,M7,MAULE,LandPlane,1,Piston
M-7-420,,,M7T,MAULE,LandPlane,1,Turboprop/Turboshaft
M-8,,,M8,MAULE,LandPlane,1,Piston
M-9,,,M9,MAULE,LandPlane,1,Piston
Windrose,,,ROSE,MAUPIN,LandPlane,1,Piston
TJ-1500 Leader,,,TJET,MAVERICK,LandPlane,2,Jet
MH-260 Super Broussard,,,N260,MAX HOLSTE,LandPlane,2,Turboprop/Turboshaft
MH-1521 Broussard,,,BROU,MAX HOLSTE,LandPlane,1,Piston
G-21C Goose,,,G21M,MCKINNON,Amphibian,4,Piston
G-21E Turbo Goose,,,G21T,MCKINNON,Amphibian,2,Turboprop/Turboshaft
Adventure,,,MEAD,MEAD,LandPlane,1,Piston
MA-2 Mamba,,,MAMB,MELBOURNE,LandPlane,1,Piston
T-45 Turbine Dromader,,,M18T,MELEX,LandPlane,1,Turboprop/Turboshaft
Shoestring,,,SHOE,MERCURY,LandPlane,1,Piston
Bf-108 Taifun,,,ME08,MESSERSCHMITT,LandPlane,1,Piston
FL-53,,,FL53,METEOR,LandPlane,1,Piston
FL-54,,,FL54,METEOR,LandPlane,1,Piston
FL-55,,,FL55,METEOR,LandPlane,1,Piston
Little Toot,,,TOOT,MEYER,LandPlane,1,Piston
MAC-145,,,MC45,MEYERS,LandPlane,1,Piston
Corsario,,,CRIO,MICROLEVE,Amphibian,1,Piston
Formula GT,,,FGT,MIDWEST AEROSPORT,LandPlane,1,Piston
MiG 1-44,,,MG44,MIKOYAN,LandPlane,2,Jet
MiG-25,,,MG25,MIKOYAN,LandPlane,2,Jet
M-2 Hawk Major,,,M2HK,MILES,LandPlane,1,Piston
M-3 Falcon Major,,,FALM,MILES,LandPlane,1,Piston
M-11 Whitney Straight,,,WHIT,MILES,LandPlane,1,Piston
M-14 Magister,,,MAGI,MILES,LandPlane,1,Piston
M-17 Monarch,,,MONA,MILES,LandPlane,1,Piston
M-38 Messenger,,,MESS,MILES,LandPlane,1,Piston
M-65 Gemini,,,GEMI,MILES,LandPlane,2,Piston
WM-2,,,WM2,MILLER (2),LandPlane,1,Piston
Andromède,,,ANDR,MILLIOUD,LandPlane,1,Piston
Celerity,,,CELR,MIRAGE,LandPlane,1,Piston
Marathon,,,MRTN,MIRAGE,LandPlane,1,Piston
Kittiwake,,,KITI,MITCHELL-PROCTER,LandPlane,1,Piston
1,,,MOL1,MOLNIYA,LandPlane,1,Piston
Sport,,,MOSP,MONG,LandPlane,1,Piston
Monerai P,,,MRAI,MONNETT,LandPlane,1,Piston
Moni,,,MONI,MONNETT,LandPlane,1,Piston
90,,,MC90,MONOCOUPE,LandPlane,1,Piston
MC-01,,,MC01,MONTAER,LandPlane,1,Piston
Coyote,,,MCOY,MONTANA,LandPlane,1,Piston
2180 Spirit,,,MON2,MONTANAIR,LandPlane,1,Piston
M-18 Mite,,,MITE,MOONEY,LandPlane,1,Piston
M-20K 231,,,M20T,MOONEY,LandPlane,1,Piston
M-22,,,M22,MOONEY,LandPlane,1,Piston
AI,,,MSAI,MORANE-SAULNIER,LandPlane,1,Piston
MS-230,,,MS23,MORANE-SAULNIER,LandPlane,1,Piston
MS-315,,,MS31,MORANE-SAULNIER,LandPlane,1,Piston
MS-733 Alcyon,,,MS73,MORANE-SAULNIER,LandPlane,1,Piston
Firnas 142,,,Z42,MORAVAN,LandPlane,1,Piston
Safir 43,,,Z43,MORAVAN,LandPlane,1,Piston
Z-37T Agro Turbo,,,Z37T,MORAVAN,LandPlane,1,Turboprop/Turboshaft
Zlin C-5 Trener,,,Z26,MORAVAN,LandPlane,1,Piston
Zlin Z-22 Junak,,,Z22,MORAVAN,LandPlane,1,Piston
Zlin Z-50,,,Z50,MORAVAN,LandPlane,1,Piston
Zlin Z-400 Rhino,,,SM92,MORAVAN,LandPlane,1,Piston
OM-1 Bravo,,,OM1,MORRISEY,LandPlane,1,Piston
364 Prowler,,,PROW,MORSE,LandPlane,1,Piston
M-1 Sokol,,,SOKL,MRAZ,LandPlane,1,Piston
Votec 322,,,V322,MSW,LandPlane,1,Piston
Votec 351,,,V351,MSW,LandPlane,1,Piston
Votec 221,,,V221,MSW,LandPlane,1,Piston
Votec 252,,,V252,MSW,LandPlane,1,Piston
Votec 452,,,V452,MSW,LandPlane,1,Turboprop/Turboshaft
CAP-21,,,CP21,MUDRY,LandPlane,1,Piston
Rebel,,,RBEL,MURPHY,LandPlane,1,Piston
Renegade,,,RENE,MURPHY,LandPlane,1,Piston
SR-2500 Super Rebel,,,MR25,MURPHY,LandPlane,1,Piston
SR-3500 Moose,,,MR35,MURPHY,LandPlane,1,Piston
SR-3500 T-Moose,,,MR3T,MURPHY,LandPlane,1,Turboprop/Turboshaft
Yukon,,,YUKN,MURPHY,LandPlane,1,Piston
Radical,,,RCAL,MURPHY,LandPlane,1,Piston
1 Fermer,,,MVN1,MVEN,LandPlane,1,Piston
MX-2,,,MX2,MX AIRCRAFT,LandPlane,1,Piston
MXS,,,MXS,MX AIRCRAFT,LandPlane,1,Piston
3M,,,MYA4,MYASISHCHEV,LandPlane,4,Jet
M-17 Stratosfera,,,M17,MYASISHCHEV,LandPlane,1,Jet
M-55 Geophysica,,,M55,MYASISHCHEV,LandPlane,2,Jet
M-101 Expedition,,,M101,MYASISHCHEV,LandPlane,1,Turboprop/Turboshaft
MY-102 Tornado,,,MY12,MYLIUS,LandPlane,1,Piston
MY-103 Mistral,,,MY13,MYLIUS,LandPlane,1,Piston
MS-1,,,MS1,MYSKY,LandPlane,1,Piston
FT-300,,,FT30,NAI,LandPlane,1,Piston
Hansa,,,HANS,NAL,LandPlane,1,Piston
NM-5,,,NM5,NAL,LandPlane,1,Piston
CJ-5,,,YK18,NANCHANG,LandPlane,1,Piston
AC-500 Aircar,,,AC5A,NANJING,LandPlane,1,Piston
Lysander,,,LYSA,NATIONAL STEEL,LandPlane,1,Piston
N3N,,,N3N,NAVAL AIRCRAFT FACTORY,LandPlane,1,Piston
Rangemaster,,,RANG,NAVION,LandPlane,1,Piston
NDN-1T Turbo Firecracker,,,ND1T,NDN,LandPlane,1,Turboprop/Turboshaft
56 Paulistinha,,,PAUL,NEIVA,LandPlane,1,Piston
C-42 Regente,,,RGNT,NEIVA,LandPlane,1,Piston
N-621 Universal,,,UNIV,NEIVA,LandPlane,1,Piston
NXT,,,NXT,NEMESIS,LandPlane,1,Piston
Sportsman 2+2,,,GLSP,NEW GLASTAR,LandPlane,1,Piston
D-25,,,D25,NEW STANDARD,LandPlane,1,Piston
Cresco,,,CRES,NEW ZEALAND,LandPlane,1,Turboprop/Turboshaft
Explorer,,,NFEX,NF-AIRCRAFT,LandPlane,1,Turboprop/Turboshaft
NH-90,,,NH90,NHI,Helicopter,2,Turboprop/Turboshaft
HN-700 Menestrel 2,,,HN70,NICOLLIER,LandPlane,1,Piston
28 Replica,,,NI28,NIEUPORT,LandPlane,1,Piston
1100 Noralpha,,,N110,NORD,LandPlane,1,Piston
1200 Norecrin,,,N120,NORD,LandPlane,1,Piston
2501 Noratlas,,,NORA,NORD,LandPlane,2,Piston
3202,,,N320,NORD,LandPlane,1,Piston
3400,,,N340,NORD,LandPlane,1,Piston
NC-854,,,NC85,NORD,LandPlane,1,Piston
Nordic 2,,,NDIC,NORMAN,LandPlane,1,Piston
Nordic 8 Mini Explorer,,,MNEX,NORMAN,LandPlane,1,Piston
Aerocruiser,,,NDAC,NORMAND DUBE,LandPlane,1,Piston
Aerocruiser Turbo 450,,,NDAT,NORMAND DUBE,LandPlane,1,Piston
B-25 Mitchell,,,B25,NORTH AMERICAN,LandPlane,2,Piston
BT-9 Yale,,,YALE,NORTH AMERICAN,LandPlane,1,Piston
CT-39 Sabreliner,,,SBR1,NORTH AMERICAN,LandPlane,2,Jet
F-82 Twin Mustang,,,P82,NORTH AMERICAN,LandPlane,2,Piston
F-100 Super Sabre,,,SSAB,NORTH AMERICAN,LandPlane,1,Jet
L-17 Navion,,,NAVI,NORTH AMERICAN,LandPlane,1,Piston
OV-10 Bronco,,,V10,NORTH AMERICAN,LandPlane,2,Turboprop/Turboshaft
T-2 Buckeye,,,T2,NORTH AMERICAN,LandPlane,2,Jet
100 Lark Commander,,,LARK,NORTH AMERICAN ROCKWELL,LandPlane,1,Piston
NA-265 Sabre 75,,,SBR2,NORTH AMERICAN ROCKWELL,LandPlane,2,Jet
RQ-4 Global Hawk,,,Q4,NORTHROP GRUMMAN,LandPlane,1,Jet
X-47B,,,X47B,NORTHROP GRUMMAN,LandPlane,1,Jet
R-03 Firebird,,,FRBD,NORTHROP GRUMMAN,LandPlane,1,Piston
B-21 Raider,,,B21,NORTHROP GRUMMAN,LandPlane,2,Jet
N-3 Citabriette,,,N3,NOSTALGAIR,LandPlane,1,Piston
N-250,,,N250,NUSANTARA,LandPlane,2,Turboprop/Turboshaft
Venture,,,VTUR,NUVENTURE,LandPlane,1,Piston
T-10,,,NT10,NUWACO,LandPlane,1,Piston
JOB-15,,,JB15,OBERLERCHNER,LandPlane,1,Piston
Skycar,,,SKYC,OMA SUD,LandPlane,2,Piston
Laser 300,,,OMLA,OMAC,LandPlane,1,Turboprop/Turboshaft
OMF-100 Symphony,,,SYMP,OMF,LandPlane,1,Piston
10,,,OR10,ORION,Amphibian,1,Piston
SK-12,,,OR12,ORION,Amphibian,2,Piston
L-40 Meta Sokol,,,L40,ORLIČAN (1),LandPlane,1,Piston
MAI-411,,,A411,OSKBES-MAI,LandPlane,2,Piston
MAI-205,,,A205,OSKBES-MAI,Gyrocopter,1,Piston
MAI-223 Kityonok,,,A223,OSKBES-MAI,LandPlane,1,Piston
GP-3 Osprey 2,,,GP3,OSPREY,Amphibian,1,Piston
GP-4,,,GP4,OSPREY,LandPlane,1,Piston
Celera 500L,,,CEL5,OTTO,LandPlane,1,Piston
PulsR,,,PULR,P&M AVIATION,LandPlane,1,Piston
HypR,,,HYPR,P&M AVIATION,LandPlane,1,Piston
750XL,,,P750,PACIFIC AEROSPACE,LandPlane,1,Turboprop/Turboshaft
Tradewind,,,TRWN,PACIFIC AIRMOTIVE,LandPlane,2,Piston
S-330,,,ST30,PANZL,LandPlane,1,Piston
Thunder Mustang,,,TMUS,PAPA 51,LandPlane,1,Piston
P-1,,,PAR1,PARADISE,LandPlane,1,Piston
P-4,,,PAR4,PARADISE,LandPlane,1,Piston
Cabinaire,,,CABN,PARAMOUNT ,LandPlane,1,Piston
Saba,,,SABA,PARAVAR PARS,LandPlane,1,Piston
Teenie Two,,,TTWO,PARKER,LandPlane,1,Piston
Elf,,,ELF,PARNALL,LandPlane,1,Piston
Dart,,,DART,PARRISH,LandPlane,1,Piston
S-45 Mystere,,,S45,PARTENAIR,LandPlane,1,Piston
AP-68TP-300 Spartacus,,,P68T,PARTENAVIA,LandPlane,2,Turboprop/Turboshaft
AP-68TP-600 Viator,,,VTOR,PARTENAVIA,LandPlane,2,Turboprop/Turboshaft
P-57 Fachiro 2,,,P57,PARTENAVIA,LandPlane,1,Piston
P-68,,,P68,PARTENAVIA,LandPlane,2,Piston
Chief,,,CHIF,PAWNEE,Helicopter,1,Piston
Viper,,,VIPR,PAXMAN'S,LandPlane,1,Piston
Knight Twister,,,KNTW,PAYNE,LandPlane,1,Piston
PL-1 Laminar,,,PL1,PAZMANY,LandPlane,1,Piston
PL-2,,,PL2,PAZMANY,LandPlane,1,Piston
PL-4,,,PL4,PAZMANY,LandPlane,1,Piston
PL-9 Stork,,,PL9,PAZMANY,LandPlane,1,Piston
Pegazair,,,PEGZ,PEGASE AERO,LandPlane,1,Piston
Tarragon,,,TARR,PELEGRIN,LandPlane,1,Piston
Bilouis,,,BILO,PENA,LandPlane,1,Piston
Capena,,,CPNA,PENA,LandPlane,1,Piston
Dahu,,,DAHU,PENA,LandPlane,1,Piston
Dieselis,,,DIES,PENNEC-LUCAS,LandPlane,1,Piston
K-1 Vega Gull,,,VGUL,PERCIVAL,LandPlane,1,Piston
P-28 Proctor,,,PROC,PERCIVAL,LandPlane,1,Piston
P-40 Prentice,,,PREN,PERCIVAL,LandPlane,1,Piston
P-57 Sea Prince,,,PRCE,PERCIVAL,LandPlane,2,Piston
E Mew Gull,,,MGUL,PERCIVAL,LandPlane,1,Piston
Legend,,,LEGD,PERFORMANCE,LandPlane,1,Piston
Phenix,,,PHIX,PHENIX,Gyrocopter,1,Piston
ST-1 Speedtwin,,,ST1,PHILLIPS,LandPlane,2,Piston
Maverick,,,MVRK,PHOENIX (2),LandPlane,1,Piston
U-15 Phoenix,,,U15,PHOENIX AIR,LandPlane,1,Piston
M-12 Kasatik,,,KSTK,PHOENIX-AVIACOR,LandPlane,2,Piston
CP-90 Pinocchio 2,,,CP90,PIEL,LandPlane,1,Piston
CP-60 Diamant,,,CP60,PIEL,LandPlane,1,Piston
CP-70 Béryl,,,CP75,PIEL,LandPlane,1,Piston
CP-80 Zéphir,,,CP80,PIEL,LandPlane,1,Piston
CP-1320 Saphir,,,SAPH,PIEL,LandPlane,1,Piston
Aerial,,,PARL,PIETENPOL,LandPlane,1,Piston
PIK-11 Tumppu,,,PK11,PIK,LandPlane,1,Piston
PIK-15 Hinu,,,PK15,PIK,LandPlane,1,Piston
PIK-18 Sytky,,,PK18,PIK,LandPlane,1,Piston
PIK-21 Super Sytky,,,PK21,PIK,LandPlane,1,Piston
PIK-23 Suhinu,,,PK23,PIK,LandPlane,1,Piston
PIK-25 Varttimarkka,,,PK25,PIK,LandPlane,1,Piston
Taurus Electro G4,,,PIT4,PIPISTREL,LandPlane,1,Electric
WattsUp,,,PIAE,PIPISTREL,LandPlane,1,Electric
Surveyor,,,PIVI,PIPISTREL,LandPlane,1,Piston
Virus (electric),,,PIVE,PIPISTREL,LandPlane,1,Electric
Alpha Trainer,,,PIAT,PIPISTREL,LandPlane,1,Piston
Panthera,,,PIPA,PIPISTREL,LandPlane,1,Piston
Sinus,,,PISI,PIPISTREL,LandPlane,1,Piston
PCA-2,,,PCA2,PITCAIRN-CIERVA,Gyrocopter,1,Piston
MP-205 Busard,,,MP20,PLAN,LandPlane,1,Piston
Trener Baby,,,TRBA,PODESVA,LandPlane,1,Piston
TUL-03 Amigo,,,TUL3,PODESVA,LandPlane,1,Piston
Chico,,,CHIC,PODESVA,LandPlane,1,Piston
Bf-109G-2,,,BF19,PODESVA,LandPlane,1,Piston
Stearman,,,PSTM,PODESVA,LandPlane,1,Piston
I-15bis,,,I15B,POLIKARPOV,LandPlane,1,Piston
I-16,,,I16,POLIKARPOV,LandPlane,1,Piston
I-153,,,I153,POLIKARPOV,LandPlane,1,Piston
CP-65 Collegiate,,,CP65,PORTERFIELD,LandPlane,1,Piston
Risen,,,RISN,PORTO,LandPlane,1,Piston
60 Sauterelle,,,PO60,POTEZ,LandPlane,1,Piston
P-50 Bouvreuil,,,P50,POTTIER,LandPlane,1,Piston
P-60 Minacro,,,P60,POTTIER,LandPlane,1,Piston
P-70,,,P70,POTTIER,LandPlane,1,Piston
P-80,,,P80,POTTIER,LandPlane,1,Piston
P-100,,,P100,POTTIER,LandPlane,1,Piston
P-130 Bleu Citron,,,P130,POTTIER,LandPlane,1,Piston
P-170,,,PT70,POTTIER,LandPlane,1,Piston
P-180,,,PT80,POTTIER,LandPlane,1,Piston
P-230 Panda,,,P230,POTTIER,LandPlane,1,Piston
P-270 Amster,,,P270,POTTIER,LandPlane,1,Piston
P-250 Xerus,,,P250,POTTIER,LandPlane,1,Piston
P-70 Acey Deucy,,,ACED,POWELL,LandPlane,1,Piston
Sprite,,,SPRT,PRACTAVIA,LandPlane,1,Piston
Pusher,,,PUSH,PRESCOTT,LandPlane,1,Piston
Storm Rally,,,SGRA,PRESTIGE,LandPlane,1,Piston
T-Explorer,,,PRXT,PRIVATE EXPLORER,LandPlane,1,Turboprop/Turboshaft
Private Explorer,,,PREX,PRIVATE EXPLORER,LandPlane,1,Piston
Privateer,,,PVTR,PRIVATEER,Amphibian,1,Turboprop/Turboshaft
Rysachok,,,RYSA,PROGRESS,LandPlane,2,Turboprop/Turboshaft
SeaRey,,,SREY,PROGRESSIVE AERODYNE,Amphibian,1,Piston
PT-2 ProStar,,,SASY,PROTECH,LandPlane,1,Piston
Sport 150,,,KIS2,PULSAR,LandPlane,1,Piston
Super Cruiser,,,KIS4,PULSAR,LandPlane,1,Piston
Elster,,,ELST,PUTZER,LandPlane,1,Piston
M-28 Skytruck,,,M28,PZL-MIELEC,LandPlane,2,Turboprop/Turboshaft
M-15 Belphegor,,,M15,PZL-MIELEC,LandPlane,1,Jet
M-21 Dromader Mini,,,M21,PZL-MIELEC,LandPlane,1,Piston
M-24 Dromader Super,,,M24,PZL-MIELEC,LandPlane,1,Piston
M-26 Air Wolf,,,M26,PZL-MIELEC,LandPlane,1,Piston
TS-8 Bies,,,TS8,PZL-MIELEC,LandPlane,1,Piston
TS-11 Iskra,,,TS11,PZL-MIELEC,LandPlane,1,Jet
PZL-102 Kos,,,PZ02,PZL-OKECIE,LandPlane,1,Piston
PZL-104M Wilga 2000,,,PZ4M,PZL-OKECIE,LandPlane,1,Piston
PZL-106A Kruk,,,PZ06,PZL-OKECIE,LandPlane,1,Piston
PZL-106AT Turbo Javelin,,,PZ6T,PZL-OKECIE,LandPlane,1,Turboprop/Turboshaft
PZL-112 Junior,,,PZ12,PZL-OKECIE,LandPlane,1,Piston
PZL-130 Orlik,,,PZ3T,PZL-OKECIE,LandPlane,1,Turboprop/Turboshaft
Yak-12,,,YK12,PZL-OKECIE,LandPlane,1,Piston
S-1 Procjon,,,W3,PZL-SWIDNIK,Helicopter,2,Turboprop/Turboshaft
SW-4 Maluch,,,PSW4,PZL-SWIDNIK,Helicopter,1,Turboprop/Turboshaft
CQR-01,,,QR01,QUERCY,LandPlane,1,Piston
Spirit,,,SPIR,QUESTAIR,LandPlane,1,Piston
Quickie,,,QUIC,QUICKIE,LandPlane,1,Piston
Quickie Q2,,,QIC2,QUICKIE,LandPlane,1,Piston
Glass Goose,,,GOOS,QUIKKIT,Amphibian,1,Piston
Windex,,,WDEX,RADAB,LandPlane,1,Piston
SE-5A,,,SE5A,RAF,LandPlane,1,Piston
RW-19 Stork,,,RW19,RAGWING,LandPlane,1,Piston
RW-20 Stork,,,RW20,RAGWING,LandPlane,1,Piston
RW-22 Tiger Moth,,,RW22,RAGWING,LandPlane,1,Piston
RW-26 Special 2,,,RW26,RAGWING,LandPlane,1,Piston
Cheetah,,,CTAH,RAINBOW,LandPlane,1,Piston
BushCat,,,BUSH,RAINBOW SKYREACH,LandPlane,1,Piston
XA-85 X-Air LS,,,XA85,RAJ HAMSA,LandPlane,1,Piston
X-AIR S,,,XAIR,RAJ HAMSA,LandPlane,1,Piston
KR-1,,,KR1,RAND,LandPlane,1,Piston
KR-2,,,KR2,RAND,LandPlane,1,Piston
S-6 Coyote 2,,,COY2,RANS,LandPlane,1,Piston
S-7 Courier,,,CRER,RANS,LandPlane,1,Piston
S-10 Sakota,,,SAKO,RANS,LandPlane,1,Piston
S-11 Pursuit,,,PURS,RANS,LandPlane,1,Piston
S-12 Airaile,,,RS12,RANS,LandPlane,1,Piston
S-16 Shekari,,,SHEK,RANS,LandPlane,1,Piston
S-19 Venterra,,,VTRA,RANS,LandPlane,1,Piston
S-20 Raven,,,RS20,RANS,LandPlane,1,Piston
S-21 Outbound,,,RS21,RANS,LandPlane,1,Piston
S-18 Stinger 2,,,STG2,RANS,LandPlane,1,Piston
Ravin 300,,,RAV3,RAVIN,LandPlane,1,Piston
Ravin 500,,,RAV5,RAVIN,LandPlane,1,Piston
2000 Ken-Royce,,,KERO,REARWIN,LandPlane,1,Piston
6000 Speedster,,,SPDR,REARWIN,LandPlane,1,Piston
8090 Cloudster,,,CLDS,REARWIN,LandPlane,1,Piston
Pony,,,PONY,REDA,Amphibian,1,Piston
DH-2,,,RDH2,REDFERN,LandPlane,1,Piston
Nieuport 17,,,NPOR,REDFERN,LandPlane,1,Piston
WLAC-1 White Lightning,,,WHIL,REFLEX,LandPlane,1,Piston
Q-01,,,Q01,REINER STEMME,LandPlane,1,Piston
325,,,XA42,REINSDORF,LandPlane,1,Piston
GX,,,GX,REMOS,LandPlane,1,Piston
G-3 Mirage,,,G3,REMOS,LandPlane,1,Piston
SE-5A Replica,,,SE5R,REPLICA PLANS,LandPlane,1,Piston
F-47 Thunderbolt,,,P47,REPUBLIC,LandPlane,1,Piston
RC-3 Seabee,,,RC3,REPUBLIC,Amphibian,1,Piston
Voyager-500,,,V500,REVOLUTION (1),Helicopter,1,Piston
Fantrainer,,,FANT,RHEIN,LandPlane,1,Turboprop/Turboshaft
FL-1 Fanliner,,,FANL,RHEIN,LandPlane,1,Piston
RW-3 Multoplane,,,RW3,RHEIN,LandPlane,1,Piston
RLU-1 Breezy,,,RLU1,RLU,LandPlane,1,Piston
ATL,,,ATL,ROBIN,LandPlane,1,Piston
DR-400 2+2,,,DR40,ROBIN,LandPlane,1,Piston
HR-100 President,,,HR10,ROBIN,LandPlane,1,Piston
HR-200,,,HR20,ROBIN,LandPlane,1,Piston
R-300,,,R300,ROBIN,LandPlane,1,Piston
R-1180 Aiglon,,,R100,ROBIN,LandPlane,1,Piston
Krähe,,,KRAH,ROCK,LandPlane,1,Piston
B-1 Lancer,,,B1,ROCKWELL,LandPlane,4,Jet
Beta,,,BETA,ROLLASON,LandPlane,1,Piston
RAF-2000,,,RAF2,ROTARY AIR FORCE,Gyrocopter,1,Piston
Panther 2,,,PANT,ROTEC,LandPlane,1,Piston
HeliSmart,,,HSMT,ROTORSMART,Helicopter,1,Piston
Cloud Dancer 2,,,CLD2,ROTORTEC,Gyrocopter,1,Piston
A-600 Talon,,,A600,ROTORWAY,Helicopter,1,Piston
Eagle 300T,,,EGL3,ROTORWAY,Helicopter,1,Turboprop/Turboshaft
JetExec,,,EXEJ,ROTORWAY,Helicopter,1,Turboprop/Turboshaft
Scorpion,,,SCOR,ROTORWAY,Helicopter,1,Piston
RTAF-4 Chandra,,,RTA4,RTAF,LandPlane,1,Piston
R-12 Vimana,,,R12,RUPERT,LandPlane,1,Piston
VimanaSteel,,,RVST,RUPERT,LandPlane,1,Piston
R-11,,,R11,RUPERT,LandPlane,1,Piston
MF-85,,,R90R,RUSCHMEYER,LandPlane,1,Piston
R-90-230FG,,,R90F,RUSCHMEYER,LandPlane,1,Piston
R-90-420AT,,,R90T,RUSCHMEYER,LandPlane,1,Turboprop/Turboshaft
33 VariEze,,,VEZE,RUTAN,LandPlane,1,Piston
40 Defiant,,,DEFI,RUTAN,LandPlane,2,Piston
61 Long-EZ,,,LGEZ,RUTAN,LandPlane,1,Piston
151 Ares,,,ARES,RUTAN,LandPlane,1,Jet
202 Boomerang,,,BOOM,RUTAN,LandPlane,2,Piston
281 Proteus,,,PRTS,RUTAN,LandPlane,2,Jet
27 VariViggen,,,VVIG,RUTAN,LandPlane,1,Piston
339 Space Ship Two,,,SS2,RUTAN,LandPlane,1,Rocket
348 White Knight Two,,,WHK2,RUTAN,LandPlane,4,Jet
PT-20,,,RYST,RYAN,LandPlane,1,Piston
PT-22 Recruit,,,PT22,RYAN,LandPlane,1,Piston
A-22 Piranha,,,A22,SADLER,LandPlane,1,Piston
Vampire,,,SAVA,SADLER,LandPlane,1,Piston
03,,,UT75,SAFAT,LandPlane,1,Piston
S-15 Patroller,,,S15U,SAFRAN,LandPlane,1,Piston
KZ-2 Kupe,,,KZ2,SAI (1),LandPlane,1,Piston
KZ-3,,,KZ3,SAI (1),LandPlane,1,Piston
KZ-4,,,KZ4,SAI (1),LandPlane,2,Piston
KZ-7 Laerke,,,KZ7,SAI (1),LandPlane,1,Piston
KZ-8,,,KZ8,SAI (1),LandPlane,1,Piston
G-97 Spotter,,,G97,SAI (2),LandPlane,1,Piston
Raz-Mut,,,RAZM,SAINT GERMAIN,LandPlane,1,Piston
Skyhopper,,,SHOP,SALVAY-STARK,LandPlane,1,Piston
Sam,,,SAM,SAM AIRCRAFT,LandPlane,1,Piston
R-02 Robert,,,R2,SAU,SeaPlane,1,Piston
P-6E Replica,,,SP6E,SAUSER,LandPlane,1,Piston
351 Stratolaunch,,,SLCH,SCALED,LandPlane,6,Jet
355 Firebird,,,S355,SCALED,LandPlane,1,Piston
400 Swift,,,SWFT,SCALED,LandPlane,1,Jet
401 Sierra,,,S401,SCALED,LandPlane,1,Jet
SF-23 Sperling,,,SF23,SCHEIBE,LandPlane,1,Piston
SF-24 Motorspatz,,,SF24,SCHEIBE,LandPlane,1,Piston
SF-28 Tandem Falke,,,SF28,SCHEIBE,LandPlane,1,Piston
SF-35,,,SF35,SCHEIBE,LandPlane,1,Piston
SF-36,,,SF36,SCHEIBE,LandPlane,1,Piston
ASK-14,,,AS14,SCHLEICHER,LandPlane,1,Piston
ASK-16,,,AS16,SCHLEICHER,LandPlane,1,Piston
RG-8 Condor,,,SA37,SCHWEIZER,LandPlane,1,Piston
SA-2-38A Twin Condor,,,SA38,SCHWEIZER,LandPlane,2,Piston
SGM-2-37,,,SG37,SCHWEIZER,LandPlane,1,Piston
TSC-1 Teal,,,TEAL,SCHWEIZER,Amphibian,1,Piston
RU-38B Twin Condor,,,SA8T,SCHWEIZER,LandPlane,2,Turboprop/Turboshaft
ML-250 Rubis,,,RUBI,SCINTEX,LandPlane,1,Piston
Twin Pioneer,,,TPIN,SCOTTISH AVIATION,LandPlane,2,Piston
101,,,SCW1,SCWAL,LandPlane,1,Piston
SB-7 Seeker,,,SB7,SEABIRD,LandPlane,1,Piston
Shearwater,,,SHEA,SEAFLIGHT,Amphibian,1,Piston
Seawind,,,SEAW,SEAWIND,Amphibian,1,Piston
Turbine Seawind,,,SEAT,SEAWIND,Amphibian,1,Turboprop/Turboshaft
Aerocraft,,,SERA,SERVOPLANT,LandPlane,1,Piston
Sea Storm,,,SSTM,SG AVIATION,Amphibian,1,Piston
Storm,,,STRM,SG AVIATION,LandPlane,1,Piston
S-202,,,S202,SGAU,Amphibian,2,Piston
S-400 Kapitan,,,S400,SGAU,SeaPlane,2,Piston
Yastreb,,,YAST,SGAU,LandPlane,1,Piston
Shark,,,SHRK,SHARK AERO,LandPlane,1,Piston
Shark,,,SASH,SHARK AIRCRAFT,LandPlane,2,Piston
JZ-8F,,,J8B,SHENYANG,LandPlane,2,Jet
JZ-8,,,J8A,SHENYANG,LandPlane,2,Jet
HU-1 Seagull,,,HU1,SHENYANG SAILPLANE,LandPlane,1,Piston
HU-2 Petrel,,,HU2,SHENYANG SAILPLANE,LandPlane,1,Piston
Sherpa,,,SHER,SHERPA,LandPlane,1,Piston
Sherpa K-650T,,,SHRT,SHERPA,LandPlane,1,Turboprop/Turboshaft
US-2,,,US2,SHINMAYWA,Amphibian,4,Turboprop/Turboshaft
330,,,SH33,SHORT,LandPlane,2,Turboprop/Turboshaft
360,,,SH36,SHORT,LandPlane,2,Turboprop/Turboshaft
S-25 Sandringham,,,SAND,SHORT,SeaPlane,4,Piston
SC-5 Belfast,,,BELF,SHORT,LandPlane,4,Turboprop/Turboshaft
SC-7 Skyliner,,,SC7,SHORT,LandPlane,2,Turboprop/Turboshaft
Yunona,,,YUNO,SHUYA,LandPlane,1,Piston
Twister,,,TWST,SILENCE,LandPlane,1,Piston
SH-4,,,SH4,SILVERCRAFT,Helicopter,1,Piston
AR-1 American Ranger 1,,,AR1,SILVERLIGHT,Gyrocopter,1,Piston
HH-1 Hawker Hurricane,,,HAHU,SINDLINGER,LandPlane,1,Piston
S-200 Minijet,,,S200,SIPA,LandPlane,1,Jet
S-901,,,S900,SIPA,LandPlane,1,Piston
SD-27 Corriedale,,,CORR,SIVEL,LandPlane,1,Piston
Super Sky Raider,,,RAID,SKY RAIDER,LandPlane,1,Piston
Frontier,,,FRNT,SKY RAIDER,LandPlane,1,Piston
K-10 Swift,,,SK10,SKYETON,LandPlane,1,Piston
Axe,,,AXE,SKYFLY,LandPlane,8,Electric
Albatross,,,SALB,SKYGEAR,LandPlane,1,Piston
SL-122  Pchelka,,,S122,SKYLINE,LandPlane,2,Piston
Skyote,,,SKYO,SKYOTE AEROMARINE,LandPlane,1,Piston
Kitfox Vixen,,,VIX,SKYSTAR,LandPlane,1,Piston
SW-18 Teddy,,,SW18,SKYWOOD,LandPlane,1,Piston
SS-4 Storch,,,STOR,SLEPCEV,LandPlane,1,Piston
360,,,SLK3,SLICK,LandPlane,1,Piston
540,,,SLK5,SLICK,LandPlane,1,Piston
Sling 4 High Wing,,,SLH4,SLING AIRCRAFT,LandPlane,1,Piston
Dragonfly,,,DFLY,SLIPSTREAM,LandPlane,1,Piston
Scepter,,,SCEP,SLIPSTREAM,LandPlane,1,Piston
SkyBlaster,,,SBLS,SLIPSTREAM,LandPlane,2,Piston
DSA-1 Miniplane,,,DSA1,SMITH (1),LandPlane,1,Piston
Termite,,,TERM,SMITH (2),LandPlane,1,Piston
Acro Advanced,,,SACR,SMITH (3),LandPlane,1,Piston
PA-18T Super Cub,,,P18T,SMITH AVIATION,LandPlane,1,Turboprop/Turboshaft
S Sidewinder,,,SIDE,SMYTH,LandPlane,1,Piston
522,,,S522,SOKO,LandPlane,1,Piston
G-2 Galeb,,,G2GL,SOKO,LandPlane,1,Jet
G-4 Super Galeb,,,G4SG,SOKO,LandPlane,1,Jet
IJ-21 Jastreb,,,JAST,SOKO,LandPlane,1,Jet
J-20 Kraguj,,,KRAG,SOKO,LandPlane,1,Piston
J-22 Orao,,,YURO,SOKO-CNIAR,LandPlane,2,Jet
2,,,SOL2,SOLAR IMPULSE,LandPlane,4,Electric
Bell 47,,,B47T,SOLOY,Helicopter,1,Turboprop/Turboshaft
Sonex,,,SONX,SONEX,LandPlane,1,Piston
Waiex,,,WAIX,SONEX,LandPlane,1,Piston
Xenos,,,XNOS,SONEX,LandPlane,1,Piston
Onex,,,ONEX,SONEX,LandPlane,1,Piston
JSX SubSonex,,,JSX,SONEX,LandPlane,1,Jet
Camel,,,CAML,SOPWITH,LandPlane,1,Piston
Triplane Replica,,,STRI,SOPWITH,LandPlane,1,Piston
SNS-2 Guppy,,,SNS2,SORRELL,LandPlane,1,Piston
SNS-7 Hiperbipe,,,SNS7,SORRELL,LandPlane,1,Piston
SNS-9 EXP-2,,,SNS9,SORRELL,LandPlane,1,Piston
SD-2 SportMaster,,,SD2,SPACEK,LandPlane,1,Piston
7 Executive,,,SP7,SPARTAN,LandPlane,1,Piston
S-33 Independence,,,SP33,SPECTRUM,LandPlane,2,Jet
S-12 Air Car,,,S12,SPENCER,Amphibian,1,Piston
DAL-1 Tuholer,,,DAL1,SPEZIO,LandPlane,1,Piston
SE-1,,,SE1,SPIRIT,LandPlane,1,Piston
SportCopter 2,,,SCII,SPORT COPTER,Gyrocopter,1,Piston
Panther,,,PNTH,SPORT PERFORMANCE,LandPlane,1,Piston
Sport Racer,,,SRAC,SPORT RACER,LandPlane,1,Piston
RS-180 Sportsman,,,RS18,SPORTAVIA-PUTZER,LandPlane,1,Piston
SFS-31 Milan,,,SF31,SPORTAVIA-PUTZER,LandPlane,1,Piston
WS-202 Sprint,,,WS22,SPRING,LandPlane,1,Piston
SA-6 Envoy,,,SA6E,SREYA,LandPlane,1,Turboprop/Turboshaft
AS-80 Holiday,,,AS80,STARCK,LandPlane,1,Piston
Firebolt Convertible,,,FIBO,STARFIRE,LandPlane,1,Piston
SK-700,,,SK70,STARKRAFT,LandPlane,2,Piston
Sport-Aire 2,,,SPA2,STARK-TREFETHEN,LandPlane,1,Piston
SL-1 Star-Lite,,,SL1,STAR-LITE,LandPlane,1,Piston
Firefly,,,STFF,STATLER,LandPlane,1,Piston
S-600,,,ST60,STAUDACHER,LandPlane,1,Piston
C-3,,,ST3,STEARMAN,LandPlane,1,Piston
4 Junior Speedmail,,,ST4,STEARMAN,LandPlane,1,Piston
6 Cloudboy,,,ST6,STEARMAN,LandPlane,1,Piston
Skybolt,,,BOLT,STEEN,LandPlane,1,Piston
S-15,,,S15S,STEMME,LandPlane,1,Piston
S-6,,,S6,STEMME,LandPlane,1,Piston
Akro,,,AKRO,STEPHENS,LandPlane,1,Piston
ST-87 Europlane,,,ST87,STERN,LandPlane,1,Piston
SM-01 Vega,,,SM01,STERN-MALLICK,LandPlane,1,Piston
S-51D,,,S51D,STEWART (1),LandPlane,1,Piston
JD-1 Headwind,,,HEAD,STEWART (2),LandPlane,1,Piston
JD-2 Foo Fighter,,,FOOF,STEWART (2),LandPlane,1,Piston
10 Voyager,,,S10,STINSON,LandPlane,1,Piston
A Tri-Motor,,,TRMA,STINSON,LandPlane,3,Piston
AT-19 Reliant,,,RELI,STINSON,LandPlane,1,Piston
L-5 Sentinel,,,L5,STINSON,LandPlane,1,Piston
SM-6000 Tri-Motor,,,SM60,STINSON,LandPlane,3,Piston
SA-3 Playboy,,,SA3,STITS,LandPlane,1,Piston
SA-6 Flut-R-Bug,,,SA6,STITS,LandPlane,1,Piston
SA-7 Sky-Coupe,,,SA7,STITS,LandPlane,1,Piston
SA-11 Playmate,,,SA11,STITS,LandPlane,1,Piston
Turbine Glasair,,,GLTU,STODDARD-HAMILTON,LandPlane,1,Turboprop/Turboshaft
SA-100 Starduster,,,SA10,STOLP,LandPlane,1,Piston
SA-300 Starduster Too,,,SA30,STOLP,LandPlane,1,Piston
SA-500 Starlet,,,SA50,STOLP,LandPlane,1,Piston
SA-700 Acroduster,,,SA70,STOLP,LandPlane,1,Piston
SA-750 Acroduster Too,,,SA75,STOLP,LandPlane,1,Piston
Super Starduster,,,SDUS,STOLP,LandPlane,1,Piston
716,,,S716,STRATOS,LandPlane,1,Jet
10 Ultimate Competitor,,,UL10,STREAMLINE WELDING,LandPlane,1,Piston
20 Ultimate Companion,,,UL20,STREAMLINE WELDING,LandPlane,1,Piston
Lone Ranger,,,STRA,STRIPLIN,LandPlane,1,Piston
SO-1221 Djinn,,,DJIN,SUD,Helicopter,1,Turboprop/Turboshaft
SO-4050 Vautour,,,VAUT,SUD,LandPlane,2,Jet
SA60 Aurora,,,AURA,SUNWARD,LandPlane,1,Piston
SA160,,,S160,SUNWARD,LandPlane,1,Piston
Seafire,,,SPIT,SUPERMARINE,LandPlane,1,Piston
Spitfire Mk25,,,SASP,SUPERMARINE AIRCRAFT,LandPlane,1,Piston
SA-26 Merlin 2,,,SW2,SWEARINGEN,LandPlane,2,Turboprop/Turboshaft
SX-300,,,SX30,SWEARINGEN,LandPlane,1,Piston
Swick-T,,,TAYB,SWICK,LandPlane,1,Piston
S-Wing,,,SWIN,S-WING,LandPlane,1,Piston
SZD-45 Ogar,,,SZ45,SZD,LandPlane,1,Piston
TT-32 Hürkuş,,,HURK,TAI,LandPlane,1,Turboprop/Turboshaft
Anka,,,ANKA,TAI,LandPlane,1,Piston
TF Kaan,,,KAAN,TAI,LandPlane,2,Jet
ZIU,,,ZIU,TAI,LandPlane,1,Piston
TD-1,,,TD1,TAIWAN DANCER,LandPlane,1,Piston
TD-3 Alluvion Legend,,,TD3,TAIWAN DANCER,LandPlane,1,Piston
Levitation 4,,,LEV4,TAPANEE,LandPlane,1,Piston
Levitation 2,,,LEV2,TAPANEE,LandPlane,1,Piston
E-2 Cub,,,E2CB,TAYLOR (1),LandPlane,1,Piston
TA-2 Bird,,,BIRD,TAYLOR (3),LandPlane,1,Piston
JT-2 Titch,,,JT2,TAYLOR (4),LandPlane,1,Piston
T-Kraft,,,TF21,TAYLOR KITS,LandPlane,1,Piston
15 Foursome,,,TA15,TAYLORCRAFT (1),LandPlane,1,Piston
19 Sportsman,,,TF19,TAYLORCRAFT (1),LandPlane,1,Piston
20 Ranchwagon,,,TA20,TAYLORCRAFT (1),LandPlane,1,Piston
A,,,TAYA,TAYLORCRAFT (1),LandPlane,1,Piston
DC,,,TAYD,TAYLORCRAFT (1),LandPlane,1,Piston
F-22 Classic,,,TF22,TAYLORCRAFT (1),LandPlane,1,Piston
Auster 1,,,PLUS,TAYLORCRAFT (2),LandPlane,1,Piston
Auster 3,,,AUS3,TAYLORCRAFT (2),LandPlane,1,Piston
Auster 4,,,AUS4,TAYLORCRAFT (2),LandPlane,1,Piston
F-1,,,TRF1,TEAM ROCKET,LandPlane,1,Piston
SM-92T Turbo Finist,,,SG92,TECHNOAVIA,LandPlane,1,Turboprop/Turboshaft
SM-94,,,Y18T,TECHNOAVIA,LandPlane,1,Piston
SM-2000,,,SM20,TECHNOAVIA,LandPlane,1,Turboprop/Turboshaft
SP-55,,,SP55,TECHNOAVIA,LandPlane,1,Piston
SP-91 Slava,,,SP91,TECHNOAVIA,LandPlane,1,Piston
SP-95,,,SP95,TECHNOAVIA,LandPlane,1,Piston
P-2002,,,SIRA,TECNAM,LandPlane,1,Piston
Astore,,,ASTO,TECNAM,LandPlane,1,Piston
P-2010 Twenty-Ten,,,TWEN,TECNAM,LandPlane,1,Piston
P-2012 Traveller,,,P212,TECNAM,LandPlane,2,Piston
P-92 Echo,,,ECHO,TECNAM,LandPlane,1,Piston
P-96 Golf,,,GOLF,TECNAM,LandPlane,1,Piston
P-2004 Bravo,,,BRAV,TECNAM,LandPlane,1,Piston
P-2006T,,,P06T,TECNAM,LandPlane,2,Piston
P-2008,,,P208,TECNAM,LandPlane,1,Piston
T-35 Buckaroo,,,T35,TEMCO,LandPlane,1,Piston
Transition,,,TSTN,TERRAFUGIA,LandPlane,1,Piston
T-9 Stiletto,,,STIL,TERZI,LandPlane,1,Piston
T-30 Katana,,,T30,TERZI,LandPlane,1,Piston
TA-01,,,COLT,TEXAS AIRCRAFT,LandPlane,1,Piston
M-74 Wasp,,,M74,TEXAS HELICOPTER,Helicopter,1,Piston
CX-5,,,CX5,THATCHER,LandPlane,1,Piston
T-19 Türkkuşu,,,T19,THK,LandPlane,1,Piston
Curtiss P-40,,,TP40,THUNDER WINGS,LandPlane,1,Piston
Focke-Wulf Fw-190,,,TFOC,THUNDER WINGS,LandPlane,1,Piston
Supermarine Spitfire,,,TSPT,THUNDER WINGS,LandPlane,1,Piston
TA-16 Seafire,,,TA16,THURSTON,Amphibian,1,Piston
TC-120 Océanair,,,OCNR,TISSOT-CHARBONNIER,LandPlane,1,Piston
T-51 Mustang,,,T51,TITAN,LandPlane,1,Piston
Tornado SS,,,TRDO,TITAN,LandPlane,1,Piston
TL-96 Star,,,TL20,TL ULTRALIGHT,LandPlane,1,Piston
Sparker,,,SPKR,TL ULTRALIGHT,LandPlane,1,Piston
TL-3000 Sirius,,,TL30,TL ULTRALIGHT,LandPlane,1,Piston
Stream,,,STRE,TL ULTRALIGHT,LandPlane,1,Piston
Bobcat,,,BOBC,TLAC,LandPlane,1,Piston
TM-5,,,TM5,TM AIRCRAFT,LandPlane,1,Piston
T-10 Avia-Tor,,,T10,TMM-AVIA,LandPlane,1,Piston
SD-4 Viper,,,SD4,TOMARK,LandPlane,1,Piston
C-160,,,C160,TRANSALL,LandPlane,2,Turboprop/Turboshaft
4,,,TVL4,TRAVEL AIR,LandPlane,1,Piston
Adventure,,,TIAD,TRIKE ICAROS,LandPlane,1,Piston
TD-2 Tempest,,,TD2,TURBINE DESIGN,LandPlane,1,Turboprop/Turboshaft
T-40,,,T40,TURNER,LandPlane,1,Piston
Taifun,,,TFUN,TWI,LandPlane,1,Piston
U-12 Flamingo Replica,,,UU12,UDET,LandPlane,1,Piston
U-3M Pelikan,,,PKAN,UETZ,LandPlane,1,Piston
HeliThruster,,,UFHT,UFO,Gyrocopter,1,Piston
Don,,,DON,UNIKOMTRANSO,LandPlane,1,Piston
NA-40 Bongo,,,NA40,UNIS,Helicopter,2,Turboprop/Turboshaft
UC-1 Twin Bee,,,TBEE,UNITED CONSULTANT,Amphibian,2,Piston
Carbon Bird,,,CABI,UNIVERSAL COMPOSITE,LandPlane,1,Turboprop/Turboshaft
Adel,,,ADEL,USTINOV,Gyrocopter,1,Piston
60,,,UT60,UTVA,LandPlane,1,Piston
65 Privrednik,,,UT65,UTVA,LandPlane,1,Piston
66,,,UT66,UTVA,LandPlane,1,Piston
N-63 Lasta,,,LAST,UTVA,LandPlane,1,Piston
L-70 Miltrainer,,,L70,VALMET,LandPlane,1,Piston
Viima,,,VIMA,VALTION,LandPlane,1,Piston
RV-14,,,RV14,VAN'S,LandPlane,1,Piston
RV-3,,,RV3,VAN'S,LandPlane,1,Piston
RV-4,,,RV4,VAN'S,LandPlane,1,Piston
RV-4T,,,RV4T,VAN'S,LandPlane,1,Turboprop/Turboshaft
RV-7,,,RV7,VAN'S,LandPlane,1,Piston
RV-8,,,RV8,VAN'S,LandPlane,1,Piston
RV-9,,,RV9,VAN'S,LandPlane,1,Piston
RV-10,,,RV10,VAN'S,LandPlane,1,Piston
RV-12,,,RV12,VAN'S,LandPlane,1,Piston
RV-15,,,RV15,VAN'S,LandPlane,1,Piston
Ranger R7,,,VR7,VASHON,LandPlane,1,Piston
Velocity XL (turbine),,,VLOT,VELOCITY,LandPlane,1,Turboprop/Turboshaft
Velocity V-Twin (turbine),,,VLTT,VELOCITY,LandPlane,2,Turboprop/Turboshaft
Velocity 173,,,VELO,VELOCITY,LandPlane,1,Piston
Velocity V-Twin,,,VELT,VELOCITY,LandPlane,2,Piston
D-1 Delta,,,DTA1,VERHEES,LandPlane,1,Piston
D-2 Delta,,,DTA2,VERHEES,LandPlane,1,Piston
42 Work Horse,,,H21,VERTOL,Helicopter,1,Piston
Aircruiser,,,ACSR,VICTA,LandPlane,1,Piston
ViperJet,,,VIPJ,VIPER,LandPlane,1,Jet
VA-10 Vantage,,,VANT,VISIONAIRE,LandPlane,1,Jet
Ovod,,,OVOD,VITEK,LandPlane,1,Piston
VM-1 Esqual,,,VM1,VOL MEDITERRANI,LandPlane,1,Piston
Volante Two,,,VOL2,VOLANTE,LandPlane,1,Piston
VJ-22 Sportsman,,,VJ22,VOLMER,Amphibian,1,Piston
SR-1 Snoshoo,,,SNOS,VSR,LandPlane,1,Piston
SS-2000 Super Solution,,,SUSO,VSTOL,LandPlane,1,Piston
SST-2000 Pairadigm,,,PDIG,VSTOL,LandPlane,2,Piston
Phillicopter,,,PHIL,VTOL AIRCRAFT,Helicopter,1,Piston
VF-600 Mission,,,VF60,VULCANAIR,LandPlane,1,Turboprop/Turboshaft
9,,,WAC9,WACO,LandPlane,1,Piston
10,,,WACO,WACO,LandPlane,1,Piston
AGC,,,WACC,WACO,LandPlane,1,Piston
ARE Aristocrat,,,WACE,WACO,LandPlane,1,Piston
AVN,,,WACN,WACO,LandPlane,1,Piston
CRG,,,WACG,WACO,LandPlane,1,Piston
D,,,WACD,WACO,LandPlane,1,Piston
IBA,,,WACA,WACO,LandPlane,1,Piston
JWM,,,WACM,WACO,LandPlane,1,Piston
RPT,,,WACT,WACO,LandPlane,1,Piston
Hornisse,,,HORN,WALLERKOWSKI,LandPlane,1,Piston
Curtiss P-40 Kittyhawk,,,WP40,WAR,LandPlane,1,Piston
Focke-Wulf 190,,,WFOC,WAR,LandPlane,1,Piston
Hawker Sea Fury,,,WFUR,WAR,LandPlane,1,Piston
Mitsubishi Zero,,,WZER,WAR,LandPlane,1,Piston
Republic P-47 Thunderbolt,,,WP47,WAR,LandPlane,1,Piston
Vought F4U Corsair,,,WF4U,WAR,LandPlane,1,Piston
WA-40 Super 4,,,WA40,WASSMER,LandPlane,1,Piston
WA-41 Baladou,,,WA41,WASSMER,LandPlane,1,Piston
WA-51 Pacific,,,WA50,WASSMER,LandPlane,1,Piston
WA-80 Piranha,,,WA80,WASSMER,LandPlane,1,Piston
WA-421 Prestige,,,WA42,WASSMER,LandPlane,1,Piston
GW-1 Windwagon,,,WIND,WATSON,LandPlane,1,Piston
201,,,W201,WEATHERLY,LandPlane,1,Piston
620BTG,,,W62T,WEATHERLY,LandPlane,1,Turboprop/Turboshaft
WH-1 Traveler,,,WH1,WENDT,LandPlane,1,Piston
PGK-1 Hirondelle,,,PGK1,WESTERN,LandPlane,1,Piston
Scout,,,SCOU,WESTLAND,Helicopter,1,Turboprop/Turboshaft
Wasp,,,WASP,WESTLAND,Helicopter,1,Turboprop/Turboshaft
WS-58 Wessex,,,WESX,WESTLAND,Helicopter,2,Turboprop/Turboshaft
Special,,,WHAT,WHATLEY,LandPlane,1,Piston
Whisper,,,WISP,WHISPER,LandPlane,1,Piston
X-350,,,WX35,WHISPER,LandPlane,1,Piston
WW-1 Der Jäger D-9,,,WW1,WHITE,LandPlane,1,Piston
Ascender,,,ASDR,WILD,LandPlane,1,Piston
Eagle,,,WINE,WINDECKER,LandPlane,1,Piston
Ultra,,,ULTR,WINDRACERS,LandPlane,2,Piston
B-150,,,B150,WINNER,Helicopter,1,Turboprop/Turboshaft
W-11 Boredom Fighter,,,W11,WOLF,LandPlane,1,Piston
Corvus,,,CORV,WOLFSBERG,LandPlane,2,Piston
Seahawk,,,WUSH,WÜST,Amphibian,1,Piston
FBC-1 Flying Leopard,,,JH7,XIAN,LandPlane,2,Jet
MA-60,,,MA60,XIAN,LandPlane,2,Turboprop/Turboshaft
MA-60H,,,MA6H,XIAN,LandPlane,2,Turboprop/Turboshaft
Y-20 Kunpeng,,,Y20,XIAN,LandPlane,4,Jet
Sbach 300,,,XA41,XTREMEAIR,LandPlane,1,Piston
Yak-30,,,YK30,YAKOVLEV,LandPlane,1,Jet
Yak-3,,,YAK3,YAKOVLEV,LandPlane,1,Piston
Yak-9,,,YAK9,YAKOVLEV,LandPlane,1,Piston
Yak-28,,,YK28,YAKOVLEV,LandPlane,2,Jet
Yak-40,,,YK40,YAKOVLEV,LandPlane,3,Jet
Yak-42,,,YK42,YAKOVLEV,LandPlane,3,Jet
Yak-50,,,YK50,YAKOVLEV,LandPlane,1,Piston
Yak-53,,,YK53,YAKOVLEV,LandPlane,1,Piston
Yak-54,,,YK54,YAKOVLEV,LandPlane,1,Piston
Yak-55,,,YK55,YAKOVLEV,LandPlane,1,Piston
Yak-58,,,YK58,YAKOVLEV,LandPlane,1,Piston
Yak-112,,,Y112,YAKOVLEV,LandPlane,1,Piston
Yak-130,,,Y130,YAKOVLEV,LandPlane,2,Jet
Bear 360,,,B360,YAKOVLEV AIRCRAFT,LandPlane,1,Piston
YA-1 Cropmaster,,,YA1,YEOMAN,LandPlane,1,Piston
JA-400 Skyleader 400 Electric,,,J40E,ZALL JIHLAVAN,LandPlane,1,Electric
CH-50 Mini Zénith,,,CH50,ZENAIR,LandPlane,1,Piston
CH-100 Mono-Z,,,CH10,ZENAIR,LandPlane,1,Piston
CH-150 Acro-Z,,,CH15,ZENAIR,LandPlane,1,Piston
CH-180 Super Acro-Z,,,CH18,ZENAIR,LandPlane,1,Piston
CH-250 Zénith,,,CH25,ZENAIR,LandPlane,1,Piston
CH-300 Tri-Z,,,CH30,ZENAIR,LandPlane,1,Piston
CH-620 Gemini,,,CH62,ZENAIR,LandPlane,2,Piston
CH-640 Zodiac,,,CH64,ZENAIR,LandPlane,1,Piston
Edge 540,,,EDGE,ZIVKO,LandPlane,1,Piston
Edge 540 T,,,EDGT,ZIVKO,LandPlane,1,Piston
ASH 25,L,,AS25,SCHLEICHER,Glider,0,None
ASW 26,L,,AS26,SCHLEICHER,Glider,0,None
ASH 27,L,,AS27,SCHLEICHER,Glider,0,None
ASH 28,L,,AS28,SCHLEICHER,Glider,1,Piston
ASH 29,L,,AS29,SCHLEICHER,Glider,0,None
ASH 30,L,,AS30,SCHLEICHER,Glider,0,None
ASH 31,L,,AS31,SCHLEICHER,Glider,1,Piston
ASW-15,L,,ASWA,SCHLEICHER,Glider,0,None
ASW-17,L,,ASWB,SCHLEICHER,Glider,0,None
ASW-19,L,,ASWC,SCHLEICHER,Glider,0,None
ASW-20,L,,ASWD,SCHLEICHER,Glider,0,None
ASW-22,L,,ASWE,SCHLEICHER,Glider,0,None
ASW-24,L,,ASWF,SCHLEICHER,Glider,0,None
ASW-27,L,,ASWG,SCHLEICHER,Glider,0,None
ASW-28,L,,ASWH,SCHLEICHER,Glider,0,None
ASW-28E,L,,ASWI,SCHLEICHER,Glider,1,Electric
DG-400,L,,DG40,DG FLUGZEUGBAU,Glider,1,Piston
DG-500,L,,DG50,DG FLUGZEUGBAU,Glider,0,None
DG-600,L,,DG60,DG FLUGZEUGBAU,Glider,0,None
DG-800,L,,DG80,DG FLUGZEUGBAU,Glider,1,Piston
DG-1000,L,,DG10,DG FLUGZEUGBAU,Glider,0,None
DG-1000M,L,,DG10M,DG FLUGZEUGBAU,Glider,1,Piston
Duo Discus,L,,DUOD,SCHEMPP-HIRTH,Glider,0,None
Duo Discus T,L,,DUODT,SCHEMPP-HIRTH,Glider,1,Piston
Duo Discus xT,L,,DUODX,SCHEMPP-HIRTH,Glider,1,Electric
Discus,L,,DISC,SCHEMPP-HIRTH,Glider,0,None
Discus-2,L,,DISC2,SCHEMPP-HIRTH,Glider,0,None
Discus-2T,L,,DISC2T,SCHEMPP-HIRTH,Glider,1,Piston
Discus-2C,L,,DISC2C,SCHEMPP-HIRTH,Glider,0,None
Discus-2cT,L,,DISC2CT,SCHEMPP-HIRTH,Glider,1,Piston
Nimbus-2,L,,NIMB,SCHEMPP-HIRTH,Glider,0,None
Nimbus-3,L,,NIMB3,SCHEMPP-HIRTH,Glider,0,None
Nimbus-4,L,,NIMB4,SCHEMPP-HIRTH,Glider,0,None
Nimbus-4M,L,,NIMB4M,SCHEMPP-HIRTH,Glider,1,Piston
Ventus,L,,VEGA,SCHEMPP-HIRTH,Glider,0,None
Ventus-2,L,,VENT2,SCHEMPP-HIRTH,Glider,0,None
Ventus-2C,L,,VENT2C,SCHEMPP-HIRTH,Glider,0,None
Ventus-2CT,L,,VENT2CT,SCHEMPP-HIRTH,Glider,1,Piston
Ventus-3,L,,VENT3,SCHEMPP-HIRTH,Glider,0,None
Arcus,L,,ARCUS,SCHEMPP-HIRTH,Glider,0,None
Arcus T,L,,ARCUST,SCHEMPP-HIRTH,Glider,1,Piston
Arcus M,L,,ARCUSM,SCHEMPP-HIRTH,Glider,1,Piston
Janus,L,,JANU,SCHEMPP-HIRTH,Glider,0,None
Janus C,L,,JANUS,SCHEMPP-HIRTH,Glider,0,None
Janus CM,L,,JANSM,SCHEMPP-HIRTH,Glider,1,Piston
LS-1,L,,LS1,ROLLADEN-SCHNEIDER,Glider,0,None
LS-3,L,,LS3,ROLLADEN-SCHNEIDER,Glider,0,None
LS-4,L,,LS4,ROLLADEN-SCHNEIDER,Glider,0,None
LS-6,L,,LS6,ROLLADEN-SCHNEIDER,Glider,0,None
LS-7,L,,LS7,ROLLADEN-SCHNEIDER,Glider,0,None
LS-8,L,,LS8,ROLLADEN-SCHNEIDER,Glider,0,None
LS-9,L,,LS9,ROLLADEN-SCHNEIDER,Glider,0,None
LS-10,L,,LS10,ROLLADEN-SCHNEIDER,Glider,0,None
ASK-13,L,,ASK13,SCHLEICHER,Glider,0,None
ASK-18,L,,ASK18,SCHLEICHER,Glider,0,None
ASK-21,L,,ASK21,SCHLEICHER,Glider,0,None
ASK-23,L,,ASK23,SCHLEICHER,Glider,0,None
ASK-21,L,,K21,SCHLEICHER,Glider,0,None
Grob G 102 Astir,L,,G102,GROB,Glider,0,None
Grob G 103 Twin Astir,L,,G103,GROB,Glider,0,None
Grob G 109B,L,,G109B,GROB,Glider,1,Piston
PIK-20,L,,PIK20,EIRI-AVION,Glider,0,None
PIK-30,L,,PIK30,EIRI-AVION,Glider,1,Piston
SZD-50 Puchacz,L,,SZD50,SZD,Glider,0,None
SZD-54 Perkoz,L,,SZD54,SZD,Glider,0,None
SZD-55,L,,SZD55,SZD,Glider,0,None
SZD-59 Acro,L,,SZD59,SZD,Glider,0,None
Stemme S-10,L,,STEM,STEMME,Glider,1,Piston
Stemme S-12,L,,STEM12,STEMME,Glider,1,Piston
Arcus E,L,,ARC22,SCHEMPP-HIRTH,Glider,1,Electric
LAK-17,L,,LAK17,LAK,Glider,0,None
LAK-19,L,,LAK19,LAK,Glider,0,None
Jonker JS-1,L,,JONK,JONKER,Glider,0,None
Jonker JS-3,L,,JONK3,JONKER,Glider,0,None
HPH 304,L,,HPH,HPH,Glider,0,None
